game_id,season,week,play_id,posteam,down,ydstogo,yardline_100,seconds_remaining,score_differential,quarter,previous_play,play_type,yards_gained
2018_DEMO_000,2018,1,1,DEMO,2,1,40,3600,-7,1,none,run,4
2018_DEMO_000,2018,1,2,DEMO,3,2,80,3515,0,1,run,pass,0
2018_DEMO_000,2018,1,3,DEMO,1,10,8,3430,3,1,pass,pass,-5
2018_DEMO_000,2018,1,4,DEMO,2,4,62,3345,3,1,pass,pass,9
2018_DEMO_000,2018,1,5,DEMO,2,5,24,3260,-7,1,pass,run,2
2018_DEMO_000,2018,1,6,DEMO,1,2,53,3175,-14,1,run,run,2
2018_DEMO_000,2018,1,7,DEMO,1,10,73,3090,-14,1,run,run,7
2018_DEMO_000,2018,1,8,DEMO,1,10,42,3005,14,1,run,run,8
2018_DEMO_000,2018,1,9,DEMO,1,2,10,2920,7,1,run,run,2
2018_DEMO_000,2018,1,10,DEMO,1,2,34,2835,14,1,run,run,3
2018_DEMO_000,2018,1,11,DEMO,1,6,50,2750,-7,2,run,run,11
2018_DEMO_000,2018,1,12,DEMO,2,12,87,2665,-14,2,run,run,8
2018_DEMO_000,2018,1,13,DEMO,1,7,39,2580,7,2,run,run,11
2018_DEMO_000,2018,1,14,DEMO,1,6,12,2495,-7,2,run,run,6
2018_DEMO_000,2018,1,15,DEMO,1,10,45,2410,-7,2,run,run,0
2018_DEMO_000,2018,1,16,DEMO,1,12,63,2325,-7,2,run,pass,0
2018_DEMO_000,2018,1,17,DEMO,2,5,79,2240,0,2,pass,run,2
2018_DEMO_000,2018,1,18,DEMO,4,10,68,2155,-14,2,run,pass,12
2018_DEMO_000,2018,1,19,DEMO,1,3,92,2070,0,2,pass,run,0
2018_DEMO_000,2018,1,20,DEMO,2,5,75,1985,14,2,run,run,9
2018_DEMO_000,2018,1,21,DEMO,2,2,92,1900,3,3,run,run,5
2018_DEMO_000,2018,1,22,DEMO,1,3,63,1815,-14,3,run,run,0
2018_DEMO_000,2018,1,23,DEMO,3,5,69,1730,14,3,run,pass,14
2018_DEMO_000,2018,1,24,DEMO,2,10,30,1645,-7,3,pass,pass,0
2018_DEMO_000,2018,1,25,DEMO,3,10,5,1560,3,3,pass,pass,0
2018_DEMO_000,2018,1,26,DEMO,3,5,35,1475,-14,3,pass,pass,3
2018_DEMO_000,2018,1,27,DEMO,1,15,67,1390,14,3,pass,pass,9
2018_DEMO_000,2018,1,28,DEMO,2,10,26,1305,-3,3,pass,pass,4
2018_DEMO_000,2018,1,29,DEMO,3,10,93,1220,-7,3,pass,pass,4
2018_DEMO_000,2018,1,30,DEMO,3,10,20,1135,-7,3,pass,pass,1
2018_DEMO_000,2018,1,31,DEMO,2,4,80,1050,-7,4,pass,pass,12
2018_DEMO_000,2018,1,32,DEMO,1,6,14,965,3,4,pass,pass,10
2018_DEMO_000,2018,1,33,DEMO,1,3,78,880,3,4,pass,run,6
2018_DEMO_000,2018,1,34,DEMO,1,2,89,795,0,4,run,run,-4
2018_DEMO_000,2018,1,35,DEMO,1,15,11,710,7,4,run,run,3
2018_DEMO_000,2018,1,36,DEMO,2,2,36,625,-7,4,run,pass,6
2018_DEMO_000,2018,1,37,DEMO,2,5,64,540,-7,4,pass,run,12
2018_DEMO_000,2018,1,38,DEMO,3,2,11,455,7,4,run,run,8
2018_DEMO_000,2018,1,39,DEMO,3,2,35,370,-7,4,run,pass,21
2018_DEMO_000,2018,1,40,DEMO,1,1,54,285,-3,4,pass,run,-3
2018_DEMO_001,2018,2,1,DEMO,3,5,59,3600,7,1,none,run,10
2018_DEMO_001,2018,2,2,DEMO,2,3,29,3515,-3,1,run,pass,0
2018_DEMO_001,2018,2,3,DEMO,2,1,45,3430,-14,1,pass,pass,8
2018_DEMO_001,2018,2,4,DEMO,3,10,25,3345,-14,1,pass,run,7
2018_DEMO_001,2018,2,5,DEMO,2,12,35,3260,0,1,run,pass,11
2018_DEMO_001,2018,2,6,DEMO,1,10,10,3175,3,1,pass,pass,1
2018_DEMO_001,2018,2,7,DEMO,1,12,45,3090,-7,1,pass,pass,0
2018_DEMO_001,2018,2,8,DEMO,2,10,45,3005,14,1,pass,run,3
2018_DEMO_001,2018,2,9,DEMO,1,10,77,2920,-14,1,run,pass,0
2018_DEMO_001,2018,2,10,DEMO,1,6,13,2835,-7,1,pass,pass,0
2018_DEMO_001,2018,2,11,DEMO,3,15,43,2750,3,2,pass,run,6
2018_DEMO_001,2018,2,12,DEMO,2,10,43,2665,7,2,run,pass,-2
2018_DEMO_001,2018,2,13,DEMO,1,2,75,2580,-7,2,pass,run,-1
2018_DEMO_001,2018,2,14,DEMO,1,12,38,2495,3,2,run,run,0
2018_DEMO_001,2018,2,15,DEMO,3,1,16,2410,7,2,run,run,4
2018_DEMO_001,2018,2,16,DEMO,3,12,38,2325,-7,2,run,run,5
2018_DEMO_001,2018,2,17,DEMO,2,7,76,2240,-14,2,run,pass,7
2018_DEMO_001,2018,2,18,DEMO,1,6,79,2155,3,2,pass,pass,0
2018_DEMO_001,2018,2,19,DEMO,1,1,50,2070,-7,2,pass,run,2
2018_DEMO_001,2018,2,20,DEMO,2,6,76,1985,14,2,run,run,2
2018_DEMO_001,2018,2,21,DEMO,3,3,27,1900,0,3,run,pass,5
2018_DEMO_001,2018,2,22,DEMO,1,7,90,1815,14,3,pass,run,4
2018_DEMO_001,2018,2,23,DEMO,2,7,9,1730,14,3,run,run,7
2018_DEMO_001,2018,2,24,DEMO,1,10,49,1645,-3,3,run,run,7
2018_DEMO_001,2018,2,25,DEMO,2,7,47,1560,-3,3,run,run,2
2018_DEMO_001,2018,2,26,DEMO,3,5,49,1475,7,3,run,run,1
2018_DEMO_001,2018,2,27,DEMO,1,1,19,1390,-3,3,run,run,-4
2018_DEMO_001,2018,2,28,DEMO,3,5,9,1305,-14,3,run,pass,11
2018_DEMO_001,2018,2,29,DEMO,4,2,54,1220,3,3,pass,pass,0
2018_DEMO_001,2018,2,30,DEMO,2,10,73,1135,7,3,pass,run,0
2018_DEMO_001,2018,2,31,DEMO,3,12,30,1050,-3,4,run,pass,20
2018_DEMO_001,2018,2,32,DEMO,2,2,43,965,3,4,pass,pass,2
2018_DEMO_001,2018,2,33,DEMO,1,5,75,880,-7,4,pass,pass,-2
2018_DEMO_001,2018,2,34,DEMO,1,10,43,795,0,4,pass,pass,0
2018_DEMO_001,2018,2,35,DEMO,1,7,79,710,3,4,pass,run,10
2018_DEMO_001,2018,2,36,DEMO,2,10,91,625,-7,4,run,pass,23
2018_DEMO_001,2018,2,37,DEMO,2,5,70,540,7,4,pass,run,3
2018_DEMO_001,2018,2,38,DEMO,1,4,91,455,-3,4,run,pass,0
2018_DEMO_001,2018,2,39,DEMO,1,4,65,370,3,4,pass,run,9
2018_DEMO_001,2018,2,40,DEMO,2,4,94,285,0,4,run,run,7
2018_DEMO_002,2018,3,1,DEMO,1,12,93,3600,-14,1,none,run,11
2018_DEMO_002,2018,3,2,DEMO,3,4,27,3515,14,1,run,run,-3
2018_DEMO_002,2018,3,3,DEMO,2,1,76,3430,-7,1,run,run,6
2018_DEMO_002,2018,3,4,DEMO,2,10,76,3345,3,1,run,pass,12
2018_DEMO_002,2018,3,5,DEMO,2,15,69,3260,0,1,pass,run,-5
2018_DEMO_002,2018,3,6,DEMO,3,10,62,3175,-3,1,run,run,1
2018_DEMO_002,2018,3,7,DEMO,3,5,71,3090,0,1,run,run,4
2018_DEMO_002,2018,3,8,DEMO,1,5,47,3005,-3,1,run,run,6
2018_DEMO_002,2018,3,9,DEMO,1,3,34,2920,0,1,run,run,4
2018_DEMO_002,2018,3,10,DEMO,1,10,64,2835,0,1,run,pass,5
2018_DEMO_002,2018,3,11,DEMO,1,10,94,2750,-14,2,pass,run,5
2018_DEMO_002,2018,3,12,DEMO,1,6,43,2665,14,2,run,run,0
2018_DEMO_002,2018,3,13,DEMO,3,7,73,2580,7,2,run,run,7
2018_DEMO_002,2018,3,14,DEMO,2,5,60,2495,0,2,run,pass,-10
2018_DEMO_002,2018,3,15,DEMO,2,7,26,2410,14,2,pass,run,9
2018_DEMO_002,2018,3,16,DEMO,1,7,80,2325,3,2,run,run,9
2018_DEMO_002,2018,3,17,DEMO,1,7,22,2240,14,2,run,run,9
2018_DEMO_002,2018,3,18,DEMO,1,6,48,2155,14,2,run,run,6
2018_DEMO_002,2018,3,19,DEMO,1,7,37,2070,14,2,run,pass,0
2018_DEMO_002,2018,3,20,DEMO,2,6,33,1985,7,2,pass,pass,11
2018_DEMO_002,2018,3,21,DEMO,1,1,84,1900,-7,3,pass,run,5
2018_DEMO_002,2018,3,22,DEMO,2,2,77,1815,-7,3,run,run,4
2018_DEMO_002,2018,3,23,DEMO,2,15,19,1730,14,3,run,run,9
2018_DEMO_002,2018,3,24,DEMO,3,2,79,1645,-14,3,run,run,-5
2018_DEMO_002,2018,3,25,DEMO,1,15,30,1560,-14,3,run,pass,-1
2018_DEMO_002,2018,3,26,DEMO,1,15,43,1475,14,3,pass,run,7
2018_DEMO_002,2018,3,27,DEMO,2,1,49,1390,3,3,run,run,-3
2018_DEMO_002,2018,3,28,DEMO,1,10,87,1305,-3,3,run,pass,-1
2018_DEMO_002,2018,3,29,DEMO,1,10,95,1220,-7,3,pass,pass,9
2018_DEMO_002,2018,3,30,DEMO,3,5,83,1135,14,3,pass,run,5
2018_DEMO_002,2018,3,31,DEMO,3,10,39,1050,-3,4,run,run,-1
2018_DEMO_002,2018,3,32,DEMO,3,2,40,965,0,4,run,pass,2
2018_DEMO_002,2018,3,33,DEMO,1,6,28,880,0,4,pass,pass,3
2018_DEMO_002,2018,3,34,DEMO,1,10,94,795,-3,4,pass,run,1
2018_DEMO_002,2018,3,35,DEMO,1,7,67,710,3,4,run,run,4
2018_DEMO_002,2018,3,36,DEMO,2,12,67,625,0,4,run,run,7
2018_DEMO_002,2018,3,37,DEMO,2,5,89,540,3,4,run,pass,12
2018_DEMO_002,2018,3,38,DEMO,1,15,75,455,-3,4,pass,pass,6
2018_DEMO_002,2018,3,39,DEMO,2,6,20,370,7,4,pass,pass,15
2018_DEMO_002,2018,3,40,DEMO,1,4,66,285,-3,4,pass,run,10
2018_DEMO_003,2018,4,1,DEMO,1,2,29,3600,-3,1,none,run,4
2018_DEMO_003,2018,4,2,DEMO,1,1,95,3515,3,1,run,run,6
2018_DEMO_003,2018,4,3,DEMO,1,3,86,3430,14,1,run,run,5
2018_DEMO_003,2018,4,4,DEMO,1,1,78,3345,-3,1,run,run,2
2018_DEMO_003,2018,4,5,DEMO,1,10,19,3260,14,1,run,pass,11
2018_DEMO_003,2018,4,6,DEMO,2,12,11,3175,-7,1,pass,pass,-1
2018_DEMO_003,2018,4,7,DEMO,1,7,82,3090,3,1,pass,run,18
2018_DEMO_003,2018,4,8,DEMO,1,10,53,3005,0,1,run,run,3
2018_DEMO_003,2018,4,9,DEMO,2,10,84,2920,-14,1,run,run,10
2018_DEMO_003,2018,4,10,DEMO,3,4,85,2835,-7,1,run,pass,0
2018_DEMO_003,2018,4,11,DEMO,1,10,14,2750,-7,2,pass,pass,2
2018_DEMO_003,2018,4,12,DEMO,1,15,41,2665,7,2,pass,run,2
2018_DEMO_003,2018,4,13,DEMO,1,4,38,2580,14,2,run,run,-3
2018_DEMO_003,2018,4,14,DEMO,1,2,74,2495,-7,2,run,run,0
2018_DEMO_003,2018,4,15,DEMO,3,3,14,2410,-14,2,run,pass,0
2018_DEMO_003,2018,4,16,DEMO,3,10,41,2325,0,2,pass,pass,2
2018_DEMO_003,2018,4,17,DEMO,2,10,61,2240,-14,2,pass,pass,-12
2018_DEMO_003,2018,4,18,DEMO,2,10,37,2155,-14,2,pass,pass,15
2018_DEMO_003,2018,4,19,DEMO,3,12,39,2070,3,2,pass,pass,-2
2018_DEMO_003,2018,4,20,DEMO,2,12,61,1985,-3,2,pass,pass,2
2018_DEMO_003,2018,4,21,DEMO,1,6,57,1900,-3,3,pass,pass,0
2018_DEMO_003,2018,4,22,DEMO,1,7,93,1815,0,3,pass,pass,1
2018_DEMO_003,2018,4,23,DEMO,3,10,9,1730,0,3,pass,pass,0
2018_DEMO_003,2018,4,24,DEMO,1,7,70,1645,14,3,pass,run,1
2018_DEMO_003,2018,4,25,DEMO,1,4,71,1560,-3,3,run,run,0
2018_DEMO_003,2018,4,26,DEMO,2,10,11,1475,-7,3,run,pass,0
2018_DEMO_003,2018,4,27,DEMO,1,15,67,1390,-14,3,pass,pass,13
2018_DEMO_003,2018,4,28,DEMO,1,1,75,1305,0,3,pass,pass,-5
2018_DEMO_003,2018,4,29,DEMO,3,10,20,1220,7,3,pass,run,-3
2018_DEMO_003,2018,4,30,DEMO,2,5,58,1135,14,3,run,run,4
2018_DEMO_003,2018,4,31,DEMO,2,10,75,1050,-7,4,run,pass,-10
2018_DEMO_003,2018,4,32,DEMO,3,5,58,965,-3,4,pass,run,4
2018_DEMO_003,2018,4,33,DEMO,2,1,41,880,7,4,run,run,-10
2018_DEMO_003,2018,4,34,DEMO,2,3,62,795,3,4,run,run,-4
2018_DEMO_003,2018,4,35,DEMO,1,10,53,710,0,4,run,run,13
2018_DEMO_003,2018,4,36,DEMO,1,7,34,625,14,4,run,run,-5
2018_DEMO_003,2018,4,37,DEMO,1,15,65,540,7,4,run,run,-6
2018_DEMO_003,2018,4,38,DEMO,3,12,24,455,0,4,run,run,14
2018_DEMO_003,2018,4,39,DEMO,1,10,47,370,14,4,run,pass,25
2018_DEMO_003,2018,4,40,DEMO,1,3,57,285,14,4,pass,run,10
2018_DEMO_004,2018,5,1,DEMO,1,10,38,3600,-3,1,none,run,3
2018_DEMO_004,2018,5,2,DEMO,1,12,73,3515,0,1,run,run,6
2018_DEMO_004,2018,5,3,DEMO,2,10,74,3430,-14,1,run,run,5
2018_DEMO_004,2018,5,4,DEMO,1,4,16,3345,0,1,run,run,11
2018_DEMO_004,2018,5,5,DEMO,3,15,17,3260,0,1,run,pass,0
2018_DEMO_004,2018,5,6,DEMO,1,6,12,3175,-3,1,pass,run,1
2018_DEMO_004,2018,5,7,DEMO,1,12,28,3090,-7,1,run,pass,11
2018_DEMO_004,2018,5,8,DEMO,1,12,35,3005,0,1,pass,run,8
2018_DEMO_004,2018,5,9,DEMO,1,5,90,2920,-14,1,run,run,8
2018_DEMO_004,2018,5,10,DEMO,2,5,91,2835,3,1,run,pass,2
2018_DEMO_004,2018,5,11,DEMO,2,7,93,2750,-3,2,pass,run,9
2018_DEMO_004,2018,5,12,DEMO,1,7,66,2665,-14,2,run,pass,-12
2018_DEMO_004,2018,5,13,DEMO,1,12,55,2580,-3,2,pass,pass,-4
2018_DEMO_004,2018,5,14,DEMO,3,1,82,2495,7,2,pass,run,8
2018_DEMO_004,2018,5,15,DEMO,3,10,50,2410,-7,2,run,run,2
2018_DEMO_004,2018,5,16,DEMO,2,12,89,2325,7,2,run,run,-2
2018_DEMO_004,2018,5,17,DEMO,2,5,61,2240,-14,2,run,run,-3
2018_DEMO_004,2018,5,18,DEMO,2,2,42,2155,-3,2,run,run,6
2018_DEMO_004,2018,5,19,DEMO,2,6,72,2070,3,2,run,run,7
2018_DEMO_004,2018,5,20,DEMO,3,5,66,1985,14,2,run,pass,12
2018_DEMO_004,2018,5,21,DEMO,1,4,91,1900,7,3,pass,run,0
2018_DEMO_004,2018,5,22,DEMO,1,10,51,1815,-14,3,run,run,10
2018_DEMO_004,2018,5,23,DEMO,2,12,91,1730,-3,3,run,run,5
2018_DEMO_004,2018,5,24,DEMO,3,6,18,1645,7,3,run,pass,0
2018_DEMO_004,2018,5,25,DEMO,3,10,46,1560,3,3,pass,pass,0
2018_DEMO_004,2018,5,26,DEMO,3,15,43,1475,7,3,pass,pass,0
2018_DEMO_004,2018,5,27,DEMO,3,5,68,1390,-14,3,pass,pass,15
2018_DEMO_004,2018,5,28,DEMO,2,15,94,1305,3,3,pass,pass,16
2018_DEMO_004,2018,5,29,DEMO,1,7,88,1220,-14,3,pass,run,-4
2018_DEMO_004,2018,5,30,DEMO,1,15,52,1135,-7,3,run,pass,-6
2018_DEMO_004,2018,5,31,DEMO,3,2,92,1050,-3,4,pass,run,9
2018_DEMO_004,2018,5,32,DEMO,1,4,20,965,14,4,run,run,4
2018_DEMO_004,2018,5,33,DEMO,1,4,87,880,7,4,run,run,12
2018_DEMO_004,2018,5,34,DEMO,1,3,77,795,-7,4,run,pass,11
2018_DEMO_004,2018,5,35,DEMO,1,4,34,710,-3,4,pass,run,6
2018_DEMO_004,2018,5,36,DEMO,1,3,21,625,3,4,run,pass,0
2018_DEMO_004,2018,5,37,DEMO,2,1,21,540,-14,4,pass,pass,-3
2018_DEMO_004,2018,5,38,DEMO,2,1,27,455,-3,4,pass,pass,-6
2018_DEMO_004,2018,5,39,DEMO,2,6,70,370,3,4,pass,pass,6
2018_DEMO_004,2018,5,40,DEMO,3,1,89,285,3,4,pass,pass,40
2018_DEMO_005,2018,6,1,DEMO,3,7,92,3600,-14,1,none,pass,15
2018_DEMO_005,2018,6,2,DEMO,1,2,46,3515,3,1,pass,run,9
2018_DEMO_005,2018,6,3,DEMO,2,15,46,3430,0,1,run,run,9
2018_DEMO_005,2018,6,4,DEMO,2,10,69,3345,3,1,run,run,5
2018_DEMO_005,2018,6,5,DEMO,2,10,32,3260,0,1,run,run,2
2018_DEMO_005,2018,6,6,DEMO,1,6,63,3175,0,1,run,run,8
2018_DEMO_005,2018,6,7,DEMO,2,6,24,3090,7,1,run,run,7
2018_DEMO_005,2018,6,8,DEMO,1,2,16,3005,0,1,run,pass,13
2018_DEMO_005,2018,6,9,DEMO,2,10,76,2920,-3,1,pass,run,-1
2018_DEMO_005,2018,6,10,DEMO,1,12,59,2835,14,1,run,run,8
2018_DEMO_005,2018,6,11,DEMO,1,2,78,2750,3,2,run,run,6
2018_DEMO_005,2018,6,12,DEMO,2,4,18,2665,-3,2,run,run,-1
2018_DEMO_005,2018,6,13,DEMO,2,7,76,2580,14,2,run,run,10
2018_DEMO_005,2018,6,14,DEMO,2,12,76,2495,-14,2,run,run,1
2018_DEMO_005,2018,6,15,DEMO,1,5,94,2410,14,2,run,run,-2
2018_DEMO_005,2018,6,16,DEMO,1,1,28,2325,14,2,run,run,3
2018_DEMO_005,2018,6,17,DEMO,3,1,16,2240,7,2,run,run,3
2018_DEMO_005,2018,6,18,DEMO,1,10,48,2155,-7,2,run,pass,10
2018_DEMO_005,2018,6,19,DEMO,1,1,24,2070,-7,2,pass,run,-1
2018_DEMO_005,2018,6,20,DEMO,1,2,39,1985,0,2,run,run,-1
2018_DEMO_005,2018,6,21,DEMO,1,10,19,1900,-3,3,run,pass,0
2018_DEMO_005,2018,6,22,DEMO,2,10,72,1815,7,3,pass,pass,0
2018_DEMO_005,2018,6,23,DEMO,4,1,5,1730,-7,3,pass,pass,0
2018_DEMO_005,2018,6,24,DEMO,1,5,42,1645,-3,3,pass,pass,9
2018_DEMO_005,2018,6,25,DEMO,2,3,53,1560,3,3,pass,run,-4
2018_DEMO_005,2018,6,26,DEMO,3,2,55,1475,14,3,run,run,4
2018_DEMO_005,2018,6,27,DEMO,2,10,14,1390,14,3,run,pass,-2
2018_DEMO_005,2018,6,28,DEMO,1,7,7,1305,-3,3,pass,pass,16
2018_DEMO_005,2018,6,29,DEMO,2,15,51,1220,-14,3,pass,pass,0
2018_DEMO_005,2018,6,30,DEMO,2,7,72,1135,-14,3,pass,pass,0
2018_DEMO_005,2018,6,31,DEMO,1,6,26,1050,-14,4,pass,pass,0
2018_DEMO_005,2018,6,32,DEMO,2,6,49,965,7,4,pass,run,3
2018_DEMO_005,2018,6,33,DEMO,1,5,30,880,-7,4,run,run,2
2018_DEMO_005,2018,6,34,DEMO,3,12,14,795,-7,4,run,run,1
2018_DEMO_005,2018,6,35,DEMO,2,10,62,710,7,4,run,run,1
2018_DEMO_005,2018,6,36,DEMO,2,12,84,625,-3,4,run,run,3
2018_DEMO_005,2018,6,37,DEMO,1,10,85,540,-3,4,run,run,3
2018_DEMO_005,2018,6,38,DEMO,2,6,69,455,-14,4,run,pass,24
2018_DEMO_005,2018,6,39,DEMO,1,2,83,370,3,4,pass,run,7
2018_DEMO_005,2018,6,40,DEMO,2,10,10,285,0,4,run,run,2
2018_DEMO_006,2018,7,1,DEMO,2,10,24,3600,-14,1,none,pass,6
2018_DEMO_006,2018,7,2,DEMO,3,15,15,3515,3,1,pass,pass,0
2018_DEMO_006,2018,7,3,DEMO,2,10,72,3430,3,1,pass,run,-2
2018_DEMO_006,2018,7,4,DEMO,1,6,91,3345,3,1,run,pass,24
2018_DEMO_006,2018,7,5,DEMO,1,6,17,3260,3,1,pass,run,3
2018_DEMO_006,2018,7,6,DEMO,2,10,24,3175,-3,1,run,pass,23
2018_DEMO_006,2018,7,7,DEMO,3,5,88,3090,7,1,pass,run,9
2018_DEMO_006,2018,7,8,DEMO,1,10,53,3005,7,1,run,run,10
2018_DEMO_006,2018,7,9,DEMO,3,12,94,2920,14,1,run,run,15
2018_DEMO_006,2018,7,10,DEMO,1,12,59,2835,3,1,run,run,4
2018_DEMO_006,2018,7,11,DEMO,1,3,32,2750,-3,2,run,run,1
2018_DEMO_006,2018,7,12,DEMO,1,2,42,2665,14,2,run,run,5
2018_DEMO_006,2018,7,13,DEMO,2,10,72,2580,-14,2,run,run,9
2018_DEMO_006,2018,7,14,DEMO,2,3,25,2495,-7,2,run,run,0
2018_DEMO_006,2018,7,15,DEMO,3,3,61,2410,-14,2,run,pass,9
2018_DEMO_006,2018,7,16,DEMO,1,15,62,2325,-7,2,pass,pass,0
2018_DEMO_006,2018,7,17,DEMO,3,10,29,2240,-3,2,pass,pass,18
2018_DEMO_006,2018,7,18,DEMO,2,5,53,2155,3,2,pass,run,13
2018_DEMO_006,2018,7,19,DEMO,3,3,37,2070,-14,2,run,run,3
2018_DEMO_006,2018,7,20,DEMO,3,10,18,1985,7,2,run,run,7
2018_DEMO_006,2018,7,21,DEMO,3,5,62,1900,3,3,run,pass,3
2018_DEMO_006,2018,7,22,DEMO,3,4,62,1815,-3,3,pass,run,0
2018_DEMO_006,2018,7,23,DEMO,1,7,15,1730,-3,3,run,pass,0
2018_DEMO_006,2018,7,24,DEMO,1,15,88,1645,-3,3,pass,run,7
2018_DEMO_006,2018,7,25,DEMO,1,5,65,1560,7,3,run,run,5
2018_DEMO_006,2018,7,26,DEMO,2,2,7,1475,-3,3,run,pass,0
2018_DEMO_006,2018,7,27,DEMO,3,10,72,1390,0,3,pass,pass,0
2018_DEMO_006,2018,7,28,DEMO,1,1,35,1305,0,3,pass,run,-1
2018_DEMO_006,2018,7,29,DEMO,2,2,19,1220,14,3,run,run,4
2018_DEMO_006,2018,7,30,DEMO,2,4,23,1135,-3,3,run,run,4
2018_DEMO_006,2018,7,31,DEMO,2,4,78,1050,0,4,run,pass,0
2018_DEMO_006,2018,7,32,DEMO,3,10,69,965,14,4,pass,run,4
2018_DEMO_006,2018,7,33,DEMO,2,7,65,880,-14,4,run,run,8
2018_DEMO_006,2018,7,34,DEMO,1,2,49,795,-7,4,run,run,4
2018_DEMO_006,2018,7,35,DEMO,2,10,47,710,-7,4,run,pass,11
2018_DEMO_006,2018,7,36,DEMO,3,10,94,625,0,4,pass,pass,3
2018_DEMO_006,2018,7,37,DEMO,1,10,9,540,-3,4,pass,pass,14
2018_DEMO_006,2018,7,38,DEMO,1,7,74,455,0,4,pass,pass,3
2018_DEMO_006,2018,7,39,DEMO,1,6,11,370,14,4,pass,run,3
2018_DEMO_006,2018,7,40,DEMO,2,7,61,285,0,4,run,pass,0
2018_DEMO_007,2018,8,1,DEMO,2,6,71,3600,-3,1,none,run,13
2018_DEMO_007,2018,8,2,DEMO,2,2,60,3515,3,1,run,run,6
2018_DEMO_007,2018,8,3,DEMO,1,6,89,3430,-3,1,run,run,8
2018_DEMO_007,2018,8,4,DEMO,2,7,26,3345,7,1,run,run,-3
2018_DEMO_007,2018,8,5,DEMO,3,10,60,3260,-3,1,run,run,7
2018_DEMO_007,2018,8,6,DEMO,3,1,14,3175,7,1,run,run,-1
2018_DEMO_007,2018,8,7,DEMO,2,1,23,3090,14,1,run,run,11
2018_DEMO_007,2018,8,8,DEMO,3,1,21,3005,-14,1,run,pass,-6
2018_DEMO_007,2018,8,9,DEMO,1,3,91,2920,0,1,pass,run,13
2018_DEMO_007,2018,8,10,DEMO,1,2,78,2835,-7,1,run,run,-1
2018_DEMO_007,2018,8,11,DEMO,1,2,8,2750,7,2,run,run,8
2018_DEMO_007,2018,8,12,DEMO,2,10,20,2665,-3,2,run,run,3
2018_DEMO_007,2018,8,13,DEMO,2,15,67,2580,-7,2,run,pass,3
2018_DEMO_007,2018,8,14,DEMO,2,15,61,2495,-14,2,pass,run,18
2018_DEMO_007,2018,8,15,DEMO,2,15,13,2410,3,2,run,pass,3
2018_DEMO_007,2018,8,16,DEMO,3,15,95,2325,7,2,pass,pass,4
2018_DEMO_007,2018,8,17,DEMO,1,3,35,2240,14,2,pass,run,4
2018_DEMO_007,2018,8,18,DEMO,1,10,52,2155,0,2,run,run,-2
2018_DEMO_007,2018,8,19,DEMO,1,5,55,2070,7,2,run,run,2
2018_DEMO_007,2018,8,20,DEMO,2,7,78,1985,-14,2,run,pass,0
2018_DEMO_007,2018,8,21,DEMO,1,10,92,1900,3,3,pass,pass,11
2018_DEMO_007,2018,8,22,DEMO,1,3,60,1815,3,3,pass,run,-2
2018_DEMO_007,2018,8,23,DEMO,1,2,71,1730,-7,3,run,run,10
2018_DEMO_007,2018,8,24,DEMO,1,10,41,1645,14,3,run,pass,0
2018_DEMO_007,2018,8,25,DEMO,3,5,21,1560,7,3,pass,pass,26
2018_DEMO_007,2018,8,26,DEMO,2,3,80,1475,3,3,pass,pass,6
2018_DEMO_007,2018,8,27,DEMO,3,10,10,1390,14,3,pass,run,-2
2018_DEMO_007,2018,8,28,DEMO,1,12,78,1305,-3,3,run,run,5
2018_DEMO_007,2018,8,29,DEMO,2,10,85,1220,3,3,run,pass,-1
2018_DEMO_007,2018,8,30,DEMO,2,12,56,1135,-3,3,pass,pass,14
2018_DEMO_007,2018,8,31,DEMO,2,6,82,1050,-7,4,pass,pass,16
2018_DEMO_007,2018,8,32,DEMO,2,6,56,965,-7,4,pass,run,2
2018_DEMO_007,2018,8,33,DEMO,1,2,39,880,0,4,run,run,4
2018_DEMO_007,2018,8,34,DEMO,1,5,54,795,14,4,run,run,5
2018_DEMO_007,2018,8,35,DEMO,1,6,78,710,7,4,run,run,14
2018_DEMO_007,2018,8,36,DEMO,3,10,70,625,0,4,run,pass,0
2018_DEMO_007,2018,8,37,DEMO,1,7,69,540,0,4,pass,run,5
2018_DEMO_007,2018,8,38,DEMO,1,10,81,455,14,4,run,run,9
2018_DEMO_007,2018,8,39,DEMO,2,10,6,370,14,4,run,pass,0
2018_DEMO_007,2018,8,40,DEMO,1,6,56,285,-3,4,pass,pass,0
2018_DEMO_008,2018,9,1,DEMO,2,6,75,3600,-3,1,none,pass,9
2018_DEMO_008,2018,9,2,DEMO,4,12,83,3515,-14,1,pass,pass,0
2018_DEMO_008,2018,9,3,DEMO,1,6,76,3430,-3,1,pass,run,1
2018_DEMO_008,2018,9,4,DEMO,1,10,56,3345,3,1,run,pass,0
2018_DEMO_008,2018,9,5,DEMO,2,10,71,3260,0,1,pass,pass,22
2018_DEMO_008,2018,9,6,DEMO,1,7,83,3175,7,1,pass,run,13
2018_DEMO_008,2018,9,7,DEMO,2,10,70,3090,3,1,run,run,0
2018_DEMO_008,2018,9,8,DEMO,1,6,91,3005,-14,1,run,run,2
2018_DEMO_008,2018,9,9,DEMO,2,15,93,2920,7,1,run,pass,24
2018_DEMO_008,2018,9,10,DEMO,3,10,34,2835,7,1,pass,pass,5
2018_DEMO_008,2018,9,11,DEMO,2,15,84,2750,14,2,pass,run,9
2018_DEMO_008,2018,9,12,DEMO,1,15,19,2665,-7,2,run,pass,0
2018_DEMO_008,2018,9,13,DEMO,1,15,31,2580,0,2,pass,pass,19
2018_DEMO_008,2018,9,14,DEMO,2,15,12,2495,7,2,pass,pass,0
2018_DEMO_008,2018,9,15,DEMO,1,12,66,2410,3,2,pass,pass,-2
2018_DEMO_008,2018,9,16,DEMO,2,12,92,2325,7,2,pass,run,6
2018_DEMO_008,2018,9,17,DEMO,1,10,29,2240,-7,2,run,pass,0
2018_DEMO_008,2018,9,18,DEMO,3,5,41,2155,7,2,pass,pass,5
2018_DEMO_008,2018,9,19,DEMO,3,15,40,2070,-3,2,pass,pass,16
2018_DEMO_008,2018,9,20,DEMO,1,7,49,1985,14,2,pass,run,3
2018_DEMO_008,2018,9,21,DEMO,2,6,61,1900,7,3,run,pass,16
2018_DEMO_008,2018,9,22,DEMO,1,10,39,1815,3,3,pass,run,9
2018_DEMO_008,2018,9,23,DEMO,2,4,11,1730,7,3,run,run,9
2018_DEMO_008,2018,9,24,DEMO,1,4,11,1645,-14,3,run,run,4
2018_DEMO_008,2018,9,25,DEMO,3,1,75,1560,-7,3,run,run,2
2018_DEMO_008,2018,9,26,DEMO,3,10,66,1475,7,3,run,pass,3
2018_DEMO_008,2018,9,27,DEMO,3,2,88,1390,3,3,pass,pass,20
2018_DEMO_008,2018,9,28,DEMO,3,1,27,1305,0,3,pass,run,9
2018_DEMO_008,2018,9,29,DEMO,4,7,68,1220,-7,3,run,run,14
2018_DEMO_008,2018,9,30,DEMO,3,5,9,1135,-14,3,run,pass,16
2018_DEMO_008,2018,9,31,DEMO,2,12,74,1050,3,4,pass,pass,5
2018_DEMO_008,2018,9,32,DEMO,3,10,39,965,-7,4,pass,pass,7
2018_DEMO_008,2018,9,33,DEMO,2,1,48,880,14,4,pass,run,-2
2018_DEMO_008,2018,9,34,DEMO,2,4,27,795,3,4,run,run,11
2018_DEMO_008,2018,9,35,DEMO,2,2,56,710,7,4,run,pass,-2
2018_DEMO_008,2018,9,36,DEMO,2,4,5,625,-3,4,pass,pass,8
2018_DEMO_008,2018,9,37,DEMO,2,10,6,540,-3,4,pass,pass,17
2018_DEMO_008,2018,9,38,DEMO,1,2,64,455,-3,4,pass,pass,25
2018_DEMO_008,2018,9,39,DEMO,3,15,20,370,7,4,pass,run,0
2018_DEMO_008,2018,9,40,DEMO,1,10,33,285,-7,4,run,run,-1
2018_DEMO_009,2018,10,1,DEMO,4,6,58,3600,7,1,none,run,5
2018_DEMO_009,2018,10,2,DEMO,2,10,90,3515,14,1,run,pass,0
2018_DEMO_009,2018,10,3,DEMO,3,2,72,3430,0,1,pass,run,-2
2018_DEMO_009,2018,10,4,DEMO,1,10,69,3345,-7,1,run,run,12
2018_DEMO_009,2018,10,5,DEMO,1,6,71,3260,0,1,run,pass,0
2018_DEMO_009,2018,10,6,DEMO,2,2,70,3175,0,1,pass,run,-1
2018_DEMO_009,2018,10,7,DEMO,2,1,76,3090,0,1,run,run,6
2018_DEMO_009,2018,10,8,DEMO,1,1,55,3005,-3,1,run,run,4
2018_DEMO_009,2018,10,9,DEMO,1,6,94,2920,-14,1,run,run,-2
2018_DEMO_009,2018,10,10,DEMO,1,2,65,2835,-14,1,run,run,5
2018_DEMO_009,2018,10,11,DEMO,2,15,87,2750,0,2,run,pass,13
2018_DEMO_009,2018,10,12,DEMO,2,7,53,2665,-14,2,pass,run,1
2018_DEMO_009,2018,10,13,DEMO,2,6,20,2580,-7,2,run,run,0
2018_DEMO_009,2018,10,14,DEMO,1,3,33,2495,14,2,run,pass,0
2018_DEMO_009,2018,10,15,DEMO,1,12,74,2410,0,2,pass,run,6
2018_DEMO_009,2018,10,16,DEMO,1,5,29,2325,7,2,run,run,1
2018_DEMO_009,2018,10,17,DEMO,1,12,58,2240,3,2,run,run,5
2018_DEMO_009,2018,10,18,DEMO,1,2,81,2155,-14,2,run,run,4
2018_DEMO_009,2018,10,19,DEMO,2,1,36,2070,7,2,run,pass,-6
2018_DEMO_009,2018,10,20,DEMO,3,3,69,1985,-3,2,pass,pass,5
2018_DEMO_009,2018,10,21,DEMO,2,10,81,1900,14,3,pass,run,3
2018_DEMO_009,2018,10,22,DEMO,1,12,71,1815,-7,3,run,pass,0
2018_DEMO_009,2018,10,23,DEMO,2,10,27,1730,7,3,pass,run,8
2018_DEMO_009,2018,10,24,DEMO,2,1,49,1645,7,3,run,run,5
2018_DEMO_009,2018,10,25,DEMO,1,3,43,1560,0,3,run,pass,1
2018_DEMO_009,2018,10,26,DEMO,1,4,43,1475,14,3,pass,run,8
2018_DEMO_009,2018,10,27,DEMO,2,7,76,1390,3,3,run,pass,0
2018_DEMO_009,2018,10,28,DEMO,1,12,15,1305,0,3,pass,run,-5
2018_DEMO_009,2018,10,29,DEMO,1,15,29,1220,-14,3,run,pass,-6
2018_DEMO_009,2018,10,30,DEMO,1,10,90,1135,3,3,pass,pass,0
2018_DEMO_009,2018,10,31,DEMO,3,5,6,1050,-7,4,pass,run,-1
2018_DEMO_009,2018,10,32,DEMO,3,2,66,965,-7,4,run,run,3
2018_DEMO_009,2018,10,33,DEMO,1,6,41,880,0,4,run,run,0
2018_DEMO_009,2018,10,34,DEMO,2,5,38,795,-3,4,run,run,2
2018_DEMO_009,2018,10,35,DEMO,4,10,45,710,-7,4,run,pass,9
2018_DEMO_009,2018,10,36,DEMO,2,4,23,625,-14,4,pass,pass,0
2018_DEMO_009,2018,10,37,DEMO,1,6,34,540,0,4,pass,run,2
2018_DEMO_009,2018,10,38,DEMO,1,10,88,455,7,4,run,pass,-6
2018_DEMO_009,2018,10,39,DEMO,2,10,26,370,7,4,pass,run,5
2018_DEMO_009,2018,10,40,DEMO,1,15,74,285,0,4,run,pass,31
2018_DEMO_010,2018,11,1,DEMO,2,2,90,3600,-14,1,none,run,4
2018_DEMO_010,2018,11,2,DEMO,1,12,34,3515,-14,1,run,run,10
2018_DEMO_010,2018,11,3,DEMO,1,10,86,3430,7,1,run,run,5
2018_DEMO_010,2018,11,4,DEMO,3,12,67,3345,-14,1,run,pass,20
2018_DEMO_010,2018,11,5,DEMO,1,5,7,3260,3,1,pass,run,5
2018_DEMO_010,2018,11,6,DEMO,2,3,18,3175,-14,1,run,run,5
2018_DEMO_010,2018,11,7,DEMO,1,6,39,3090,14,1,run,run,11
2018_DEMO_010,2018,11,8,DEMO,1,7,63,3005,3,1,run,run,3
2018_DEMO_010,2018,11,9,DEMO,3,2,88,2920,14,1,run,run,1
2018_DEMO_010,2018,11,10,DEMO,1,7,53,2835,0,1,run,run,5
2018_DEMO_010,2018,11,11,DEMO,1,10,60,2750,7,2,run,run,5
2018_DEMO_010,2018,11,12,DEMO,2,2,72,2665,-14,2,run,pass,4
2018_DEMO_010,2018,11,13,DEMO,1,2,92,2580,-3,2,pass,run,-1
2018_DEMO_010,2018,11,14,DEMO,2,1,27,2495,14,2,run,run,10
2018_DEMO_010,2018,11,15,DEMO,3,15,55,2410,-14,2,run,pass,6
2018_DEMO_010,2018,11,16,DEMO,2,7,91,2325,3,2,pass,pass,26
2018_DEMO_010,2018,11,17,DEMO,2,10,49,2240,-14,2,pass,pass,0
2018_DEMO_010,2018,11,18,DEMO,1,10,83,2155,3,2,pass,run,15
2018_DEMO_010,2018,11,19,DEMO,3,1,86,2070,-3,2,run,run,1
2018_DEMO_010,2018,11,20,DEMO,2,7,60,1985,-7,2,run,run,5
2018_DEMO_010,2018,11,21,DEMO,2,2,84,1900,-3,3,run,run,4
2018_DEMO_010,2018,11,22,DEMO,1,15,86,1815,-7,3,run,run,3
2018_DEMO_010,2018,11,23,DEMO,1,2,16,1730,-14,3,run,run,-3
2018_DEMO_010,2018,11,24,DEMO,1,2,28,1645,0,3,run,run,7
2018_DEMO_010,2018,11,25,DEMO,2,7,18,1560,-14,3,run,pass,-4
2018_DEMO_010,2018,11,26,DEMO,3,1,42,1475,0,3,pass,run,0
2018_DEMO_010,2018,11,27,DEMO,1,10,36,1390,3,3,run,run,3
2018_DEMO_010,2018,11,28,DEMO,1,5,68,1305,-7,3,run,pass,3
2018_DEMO_010,2018,11,29,DEMO,2,10,14,1220,-3,3,pass,pass,0
2018_DEMO_010,2018,11,30,DEMO,2,10,83,1135,-7,3,pass,pass,0
2018_DEMO_010,2018,11,31,DEMO,1,7,47,1050,14,4,pass,run,6
2018_DEMO_010,2018,11,32,DEMO,1,12,81,965,-7,4,run,pass,1
2018_DEMO_010,2018,11,33,DEMO,2,10,45,880,-7,4,pass,run,8
2018_DEMO_010,2018,11,34,DEMO,2,10,78,795,14,4,run,pass,7
2018_DEMO_010,2018,11,35,DEMO,3,7,51,710,-14,4,pass,run,9
2018_DEMO_010,2018,11,36,DEMO,1,10,8,625,7,4,run,pass,38
2018_DEMO_010,2018,11,37,DEMO,2,5,93,540,-14,4,pass,run,6
2018_DEMO_010,2018,11,38,DEMO,2,12,43,455,-7,4,run,pass,0
2018_DEMO_010,2018,11,39,DEMO,2,7,14,370,0,4,pass,run,0
2018_DEMO_010,2018,11,40,DEMO,2,7,73,285,3,4,run,run,8
2018_DEMO_011,2018,12,1,DEMO,1,6,94,3600,14,1,none,run,1
2018_DEMO_011,2018,12,2,DEMO,2,2,18,3515,14,1,run,run,3
2018_DEMO_011,2018,12,3,DEMO,2,10,87,3430,7,1,run,run,2
2018_DEMO_011,2018,12,4,DEMO,3,6,60,3345,-14,1,run,pass,0
2018_DEMO_011,2018,12,5,DEMO,2,10,76,3260,3,1,pass,run,5
2018_DEMO_011,2018,12,6,DEMO,2,12,80,3175,7,1,run,run,9
2018_DEMO_011,2018,12,7,DEMO,1,1,66,3090,-14,1,run,run,6
2018_DEMO_011,2018,12,8,DEMO,3,15,23,3005,-3,1,run,pass,7
2018_DEMO_011,2018,12,9,DEMO,1,10,49,2920,0,1,pass,pass,5
2018_DEMO_011,2018,12,10,DEMO,1,15,19,2835,-14,1,pass,run,5
2018_DEMO_011,2018,12,11,DEMO,2,12,26,2750,7,2,run,pass,0
2018_DEMO_011,2018,12,12,DEMO,1,10,59,2665,0,2,pass,pass,14
2018_DEMO_011,2018,12,13,DEMO,2,1,83,2580,-7,2,pass,run,10
2018_DEMO_011,2018,12,14,DEMO,2,1,95,2495,-7,2,run,run,5
2018_DEMO_011,2018,12,15,DEMO,1,2,73,2410,-7,2,run,run,-4
2018_DEMO_011,2018,12,16,DEMO,1,2,38,2325,7,2,run,run,-2
2018_DEMO_011,2018,12,17,DEMO,2,10,55,2240,3,2,run,pass,6
2018_DEMO_011,2018,12,18,DEMO,2,3,91,2155,7,2,pass,run,10
2018_DEMO_011,2018,12,19,DEMO,2,6,20,2070,-7,2,run,pass,0
2018_DEMO_011,2018,12,20,DEMO,2,10,54,1985,0,2,pass,run,1
2018_DEMO_011,2018,12,21,DEMO,2,7,28,1900,0,3,run,run,2
2018_DEMO_011,2018,12,22,DEMO,4,10,26,1815,0,3,run,pass,0
2018_DEMO_011,2018,12,23,DEMO,3,10,11,1730,14,3,pass,pass,0
2018_DEMO_011,2018,12,24,DEMO,1,7,76,1645,3,3,pass,run,-2
2018_DEMO_011,2018,12,25,DEMO,1,10,58,1560,7,3,run,run,2
2018_DEMO_011,2018,12,26,DEMO,1,4,42,1475,-14,3,run,pass,9
2018_DEMO_011,2018,12,27,DEMO,1,10,77,1390,7,3,pass,run,-1
2018_DEMO_011,2018,12,28,DEMO,2,5,74,1305,14,3,run,run,5
2018_DEMO_011,2018,12,29,DEMO,2,1,61,1220,3,3,run,run,-2
2018_DEMO_011,2018,12,30,DEMO,2,4,43,1135,14,3,run,run,8
2018_DEMO_011,2018,12,31,DEMO,2,6,16,1050,0,4,run,run,11
2018_DEMO_011,2018,12,32,DEMO,1,15,80,965,7,4,run,pass,20
2018_DEMO_011,2018,12,33,DEMO,2,3,83,880,-7,4,pass,run,8
2018_DEMO_011,2018,12,34,DEMO,2,10,40,795,3,4,run,pass,-7
2018_DEMO_011,2018,12,35,DEMO,2,5,78,710,-3,4,pass,run,-5
2018_DEMO_011,2018,12,36,DEMO,3,3,57,625,-14,4,run,run,4
2018_DEMO_011,2018,12,37,DEMO,3,3,94,540,14,4,run,pass,0
2018_DEMO_011,2018,12,38,DEMO,1,4,91,455,0,4,pass,run,1
2018_DEMO_011,2018,12,39,DEMO,1,10,14,370,7,4,run,run,3
2018_DEMO_011,2018,12,40,DEMO,3,7,70,285,7,4,run,pass,-6
2019_DEMO_000,2019,1,1,DEMO,1,1,16,3600,7,1,none,run,13
2019_DEMO_000,2019,1,2,DEMO,2,15,50,3515,14,1,run,pass,10
2019_DEMO_000,2019,1,3,DEMO,1,5,46,3430,14,1,pass,run,9
2019_DEMO_000,2019,1,4,DEMO,2,3,77,3345,14,1,run,run,1
2019_DEMO_000,2019,1,5,DEMO,1,2,85,3260,14,1,run,run,10
2019_DEMO_000,2019,1,6,DEMO,1,3,61,3175,0,1,run,pass,13
2019_DEMO_000,2019,1,7,DEMO,1,12,43,3090,-7,1,pass,run,11
2019_DEMO_000,2019,1,8,DEMO,3,2,88,3005,-3,1,run,run,-2
2019_DEMO_000,2019,1,9,DEMO,1,7,85,2920,-3,1,run,run,12
2019_DEMO_000,2019,1,10,DEMO,3,7,88,2835,-14,1,run,run,10
2019_DEMO_000,2019,1,11,DEMO,1,4,71,2750,7,2,run,run,4
2019_DEMO_000,2019,1,12,DEMO,1,6,20,2665,14,2,run,run,6
2019_DEMO_000,2019,1,13,DEMO,1,15,18,2580,-14,2,run,pass,11
2019_DEMO_000,2019,1,14,DEMO,1,3,87,2495,7,2,pass,pass,22
2019_DEMO_000,2019,1,15,DEMO,2,15,32,2410,7,2,pass,run,5
2019_DEMO_000,2019,1,16,DEMO,3,10,92,2325,0,2,run,run,6
2019_DEMO_000,2019,1,17,DEMO,3,10,54,2240,-3,2,run,run,5
2019_DEMO_000,2019,1,18,DEMO,1,3,36,2155,-3,2,run,run,4
2019_DEMO_000,2019,1,19,DEMO,2,5,93,2070,-14,2,run,run,11
2019_DEMO_000,2019,1,20,DEMO,2,5,31,1985,3,2,run,run,6
2019_DEMO_000,2019,1,21,DEMO,2,4,68,1900,0,3,run,pass,17
2019_DEMO_000,2019,1,22,DEMO,2,10,6,1815,-3,3,pass,run,11
2019_DEMO_000,2019,1,23,DEMO,2,6,74,1730,7,3,run,pass,22
2019_DEMO_000,2019,1,24,DEMO,4,2,7,1645,3,3,pass,pass,0
2019_DEMO_000,2019,1,25,DEMO,1,1,55,1560,3,3,pass,run,3
2019_DEMO_000,2019,1,26,DEMO,2,7,15,1475,7,3,run,run,-3
2019_DEMO_000,2019,1,27,DEMO,2,5,15,1390,-3,3,run,pass,14
2019_DEMO_000,2019,1,28,DEMO,1,10,86,1305,14,3,pass,run,4
2019_DEMO_000,2019,1,29,DEMO,2,2,44,1220,7,3,run,run,8
2019_DEMO_000,2019,1,30,DEMO,1,7,19,1135,0,3,run,run,3
2019_DEMO_000,2019,1,31,DEMO,1,12,89,1050,7,4,run,pass,0
2019_DEMO_000,2019,1,32,DEMO,1,1,25,965,0,4,pass,run,-4
2019_DEMO_000,2019,1,33,DEMO,2,3,52,880,-7,4,run,run,3
2019_DEMO_000,2019,1,34,DEMO,3,15,20,795,14,4,run,run,2
2019_DEMO_000,2019,1,35,DEMO,2,5,78,710,7,4,run,pass,17
2019_DEMO_000,2019,1,36,DEMO,1,10,77,625,-7,4,pass,pass,0
2019_DEMO_000,2019,1,37,DEMO,1,10,91,540,7,4,pass,pass,26
2019_DEMO_000,2019,1,38,DEMO,1,1,65,455,-3,4,pass,run,5
2019_DEMO_000,2019,1,39,DEMO,1,1,75,370,14,4,run,run,4
2019_DEMO_000,2019,1,40,DEMO,1,7,45,285,-3,4,run,run,0
2019_DEMO_001,2019,2,1,DEMO,2,2,69,3600,7,1,none,run,8
2019_DEMO_001,2019,2,2,DEMO,4,7,13,3515,0,1,run,run,12
2019_DEMO_001,2019,2,3,DEMO,3,5,46,3430,-14,1,run,run,7
2019_DEMO_001,2019,2,4,DEMO,2,5,84,3345,-7,1,run,run,5
2019_DEMO_001,2019,2,5,DEMO,2,10,30,3260,7,1,run,run,5
2019_DEMO_001,2019,2,6,DEMO,1,7,8,3175,-7,1,run,run,1
2019_DEMO_001,2019,2,7,DEMO,2,15,6,3090,-3,1,run,pass,17
2019_DEMO_001,2019,2,8,DEMO,1,10,35,3005,0,1,pass,run,-2
2019_DEMO_001,2019,2,9,DEMO,1,3,40,2920,-14,1,run,pass,0
2019_DEMO_001,2019,2,10,DEMO,3,7,94,2835,-3,1,pass,pass,-1
2019_DEMO_001,2019,2,11,DEMO,2,7,14,2750,3,2,pass,run,2
2019_DEMO_001,2019,2,12,DEMO,2,3,35,2665,-3,2,run,pass,0
2019_DEMO_001,2019,2,13,DEMO,3,15,46,2580,-3,2,pass,pass,0
2019_DEMO_001,2019,2,14,DEMO,3,3,79,2495,-14,2,pass,pass,0
2019_DEMO_001,2019,2,15,DEMO,2,7,20,2410,3,2,pass,pass,-1
2019_DEMO_001,2019,2,16,DEMO,3,2,25,2325,14,2,pass,run,6
2019_DEMO_001,2019,2,17,DEMO,3,15,82,2240,-14,2,run,pass,17
2019_DEMO_001,2019,2,18,DEMO,3,7,70,2155,-14,2,pass,pass,0
2019_DEMO_001,2019,2,19,DEMO,4,1,56,2070,14,2,pass,run,10
2019_DEMO_001,2019,2,20,DEMO,3,4,17,1985,0,2,run,pass,11
2019_DEMO_001,2019,2,21,DEMO,3,4,21,1900,-7,3,pass,run,6
2019_DEMO_001,2019,2,22,DEMO,1,12,87,1815,-14,3,run,run,4
2019_DEMO_001,2019,2,23,DEMO,1,2,30,1730,7,3,run,run,13
2019_DEMO_001,2019,2,24,DEMO,1,6,20,1645,-14,3,run,run,14
2019_DEMO_001,2019,2,25,DEMO,2,15,55,1560,0,3,run,pass,15
2019_DEMO_001,2019,2,26,DEMO,1,4,28,1475,-3,3,pass,pass,21
2019_DEMO_001,2019,2,27,DEMO,1,5,68,1390,0,3,pass,run,6
2019_DEMO_001,2019,2,28,DEMO,2,2,40,1305,0,3,run,pass,0
2019_DEMO_001,2019,2,29,DEMO,3,10,36,1220,7,3,pass,run,4
2019_DEMO_001,2019,2,30,DEMO,1,15,50,1135,0,3,run,run,4
2019_DEMO_001,2019,2,31,DEMO,2,10,69,1050,-3,4,run,pass,0
2019_DEMO_001,2019,2,32,DEMO,1,4,8,965,14,4,pass,run,18
2019_DEMO_001,2019,2,33,DEMO,2,10,34,880,-7,4,run,pass,19
2019_DEMO_001,2019,2,34,DEMO,1,15,12,795,14,4,pass,run,6
2019_DEMO_001,2019,2,35,DEMO,3,6,27,710,-7,4,run,pass,0
2019_DEMO_001,2019,2,36,DEMO,2,6,80,625,-14,4,pass,run,13
2019_DEMO_001,2019,2,37,DEMO,1,10,77,540,-7,4,run,run,10
2019_DEMO_001,2019,2,38,DEMO,3,10,74,455,-3,4,run,pass,0
2019_DEMO_001,2019,2,39,DEMO,1,10,33,370,-14,4,pass,pass,0
2019_DEMO_001,2019,2,40,DEMO,3,4,21,285,-3,4,pass,run,17
2019_DEMO_002,2019,3,1,DEMO,3,6,12,3600,-14,1,none,pass,11
2019_DEMO_002,2019,3,2,DEMO,2,6,14,3515,-3,1,pass,run,6
2019_DEMO_002,2019,3,3,DEMO,2,10,17,3430,-3,1,run,pass,0
2019_DEMO_002,2019,3,4,DEMO,1,7,86,3345,0,1,pass,run,10
2019_DEMO_002,2019,3,5,DEMO,2,10,50,3260,-7,1,run,run,15
2019_DEMO_002,2019,3,6,DEMO,3,7,44,3175,7,1,run,run,10
2019_DEMO_002,2019,3,7,DEMO,3,10,55,3090,14,1,run,run,10
2019_DEMO_002,2019,3,8,DEMO,3,1,28,3005,3,1,run,run,7
2019_DEMO_002,2019,3,9,DEMO,2,2,68,2920,-7,1,run,run,-1
2019_DEMO_002,2019,3,10,DEMO,1,6,45,2835,-7,1,run,run,13
2019_DEMO_002,2019,3,11,DEMO,2,15,47,2750,0,2,run,pass,0
2019_DEMO_002,2019,3,12,DEMO,2,6,37,2665,14,2,pass,pass,0
2019_DEMO_002,2019,3,13,DEMO,1,15,58,2580,-7,2,pass,run,2
2019_DEMO_002,2019,3,14,DEMO,2,7,49,2495,3,2,run,run,8
2019_DEMO_002,2019,3,15,DEMO,2,12,33,2410,-7,2,run,pass,-5
2019_DEMO_002,2019,3,16,DEMO,1,1,45,2325,-3,2,pass,run,7
2019_DEMO_002,2019,3,17,DEMO,1,15,14,2240,3,2,run,run,6
2019_DEMO_002,2019,3,18,DEMO,4,6,81,2155,3,2,run,run,3
2019_DEMO_002,2019,3,19,DEMO,2,10,60,2070,-7,2,run,pass,-1
2019_DEMO_002,2019,3,20,DEMO,4,7,94,1985,3,2,pass,run,4
2019_DEMO_002,2019,3,21,DEMO,1,4,17,1900,-14,3,run,run,1
2019_DEMO_002,2019,3,22,DEMO,2,10,24,1815,-14,3,run,pass,5
2019_DEMO_002,2019,3,23,DEMO,2,4,17,1730,-14,3,pass,pass,21
2019_DEMO_002,2019,3,24,DEMO,4,10,19,1645,-3,3,pass,pass,14
2019_DEMO_002,2019,3,25,DEMO,2,7,28,1560,-3,3,pass,run,2
2019_DEMO_002,2019,3,26,DEMO,1,10,10,1475,-3,3,run,pass,0
2019_DEMO_002,2019,3,27,DEMO,3,10,12,1390,-7,3,pass,pass,16
2019_DEMO_002,2019,3,28,DEMO,2,10,34,1305,3,3,pass,pass,13
2019_DEMO_002,2019,3,29,DEMO,2,10,92,1220,14,3,pass,run,1
2019_DEMO_002,2019,3,30,DEMO,1,7,9,1135,3,3,run,run,3
2019_DEMO_002,2019,3,31,DEMO,2,10,91,1050,3,4,run,pass,-12
2019_DEMO_002,2019,3,32,DEMO,1,4,29,965,-7,4,pass,pass,0
2019_DEMO_002,2019,3,33,DEMO,2,4,85,880,-7,4,pass,run,8
2019_DEMO_002,2019,3,34,DEMO,1,15,13,795,-14,4,run,pass,5
2019_DEMO_002,2019,3,35,DEMO,2,1,94,710,3,4,pass,run,8
2019_DEMO_002,2019,3,36,DEMO,3,2,58,625,-7,4,run,pass,10
2019_DEMO_002,2019,3,37,DEMO,3,10,17,540,14,4,pass,pass,-12
2019_DEMO_002,2019,3,38,DEMO,1,7,38,455,0,4,pass,run,0
2019_DEMO_002,2019,3,39,DEMO,1,7,23,370,3,4,run,run,2
2019_DEMO_002,2019,3,40,DEMO,2,1,55,285,-3,4,run,run,9
2019_DEMO_003,2019,4,1,DEMO,1,6,7,3600,-3,1,none,run,6
2019_DEMO_003,2019,4,2,DEMO,1,5,67,3515,14,1,run,run,12
2019_DEMO_003,2019,4,3,DEMO,1,15,61,3430,14,1,run,run,10
2019_DEMO_003,2019,4,4,DEMO,1,7,82,3345,7,1,run,pass,16
2019_DEMO_003,2019,4,5,DEMO,2,10,52,3260,14,1,pass,pass,4
2019_DEMO_003,2019,4,6,DEMO,1,15,69,3175,0,1,pass,pass,10
2019_DEMO_003,2019,4,7,DEMO,1,4,12,3090,-7,1,pass,pass,0
2019_DEMO_003,2019,4,8,DEMO,1,4,40,3005,-3,1,pass,run,4
2019_DEMO_003,2019,4,9,DEMO,2,12,20,2920,7,1,run,pass,4
2019_DEMO_003,2019,4,10,DEMO,3,10,75,2835,-3,1,pass,pass,5
2019_DEMO_003,2019,4,11,DEMO,1,15,16,2750,-3,2,pass,pass,0
2019_DEMO_003,2019,4,12,DEMO,3,4,33,2665,7,2,pass,pass,0
2019_DEMO_003,2019,4,13,DEMO,2,10,7,2580,14,2,pass,run,4
2019_DEMO_003,2019,4,14,DEMO,3,12,27,2495,3,2,run,run,4
2019_DEMO_003,2019,4,15,DEMO,1,10,44,2410,7,2,run,run,1
2019_DEMO_003,2019,4,16,DEMO,1,6,63,2325,-3,2,run,pass,0
2019_DEMO_003,2019,4,17,DEMO,2,10,55,2240,3,2,pass,pass,1
2019_DEMO_003,2019,4,18,DEMO,2,6,76,2155,7,2,pass,run,3
2019_DEMO_003,2019,4,19,DEMO,2,6,40,2070,7,2,run,run,11
2019_DEMO_003,2019,4,20,DEMO,1,12,88,1985,-3,2,run,pass,9
2019_DEMO_003,2019,4,21,DEMO,3,10,56,1900,7,3,pass,pass,0
2019_DEMO_003,2019,4,22,DEMO,1,10,42,1815,-3,3,pass,run,6
2019_DEMO_003,2019,4,23,DEMO,1,15,9,1730,3,3,run,run,2
2019_DEMO_003,2019,4,24,DEMO,2,4,92,1645,3,3,run,run,3
2019_DEMO_003,2019,4,25,DEMO,2,12,50,1560,3,3,run,pass,0
2019_DEMO_003,2019,4,26,DEMO,2,10,28,1475,-3,3,pass,pass,0
2019_DEMO_003,2019,4,27,DEMO,1,10,28,1390,7,3,pass,run,3
2019_DEMO_003,2019,4,28,DEMO,1,5,58,1305,14,3,run,run,2
2019_DEMO_003,2019,4,29,DEMO,1,10,42,1220,0,3,run,run,-5
2019_DEMO_003,2019,4,30,DEMO,2,10,14,1135,0,3,run,run,6
2019_DEMO_003,2019,4,31,DEMO,2,12,53,1050,3,4,run,pass,0
2019_DEMO_003,2019,4,32,DEMO,3,3,30,965,-3,4,pass,pass,17
2019_DEMO_003,2019,4,33,DEMO,1,15,28,880,14,4,pass,pass,3
2019_DEMO_003,2019,4,34,DEMO,4,6,86,795,-14,4,pass,pass,0
2019_DEMO_003,2019,4,35,DEMO,3,3,78,710,14,4,pass,pass,9
2019_DEMO_003,2019,4,36,DEMO,2,7,56,625,0,4,pass,run,2
2019_DEMO_003,2019,4,37,DEMO,1,1,73,540,-7,4,run,run,14
2019_DEMO_003,2019,4,38,DEMO,3,10,29,455,-14,4,run,pass,3
2019_DEMO_003,2019,4,39,DEMO,1,15,49,370,-3,4,pass,pass,4
2019_DEMO_003,2019,4,40,DEMO,3,5,42,285,0,4,pass,run,3
2019_DEMO_004,2019,5,1,DEMO,2,6,60,3600,7,1,none,run,-1
2019_DEMO_004,2019,5,2,DEMO,1,4,26,3515,14,1,run,run,13
2019_DEMO_004,2019,5,3,DEMO,1,15,21,3430,-7,1,run,run,2
2019_DEMO_004,2019,5,4,DEMO,1,12,9,3345,0,1,run,run,3
2019_DEMO_004,2019,5,5,DEMO,1,10,84,3260,-14,1,run,run,7
2019_DEMO_004,2019,5,6,DEMO,3,1,93,3175,-14,1,run,run,5
2019_DEMO_004,2019,5,7,DEMO,1,10,37,3090,0,1,run,run,6
2019_DEMO_004,2019,5,8,DEMO,1,7,89,3005,-14,1,run,run,11
2019_DEMO_004,2019,5,9,DEMO,1,10,94,2920,-7,1,run,run,9
2019_DEMO_004,2019,5,10,DEMO,2,5,19,2835,14,1,run,pass,0
2019_DEMO_004,2019,5,11,DEMO,1,5,71,2750,-7,2,pass,run,1
2019_DEMO_004,2019,5,12,DEMO,1,3,10,2665,3,2,run,run,7
2019_DEMO_004,2019,5,13,DEMO,1,1,6,2580,7,2,run,pass,0
2019_DEMO_004,2019,5,14,DEMO,2,10,24,2495,-14,2,pass,run,15
2019_DEMO_004,2019,5,15,DEMO,1,15,17,2410,-3,2,run,run,-8
2019_DEMO_004,2019,5,16,DEMO,1,1,17,2325,14,2,run,run,8
2019_DEMO_004,2019,5,17,DEMO,1,5,51,2240,14,2,run,run,2
2019_DEMO_004,2019,5,18,DEMO,3,1,6,2155,14,2,run,pass,11
2019_DEMO_004,2019,5,19,DEMO,1,10,84,2070,-3,2,pass,run,11
2019_DEMO_004,2019,5,20,DEMO,1,7,56,1985,0,2,run,pass,18
2019_DEMO_004,2019,5,21,DEMO,3,7,88,1900,14,3,pass,pass,0
2019_DEMO_004,2019,5,22,DEMO,2,3,18,1815,0,3,pass,run,-2
2019_DEMO_004,2019,5,23,DEMO,2,10,53,1730,14,3,run,pass,0
2019_DEMO_004,2019,5,24,DEMO,2,15,21,1645,0,3,pass,run,5
2019_DEMO_004,2019,5,25,DEMO,1,7,61,1560,-14,3,run,pass,27
2019_DEMO_004,2019,5,26,DEMO,2,15,78,1475,7,3,pass,pass,10
2019_DEMO_004,2019,5,27,DEMO,2,6,71,1390,3,3,pass,run,1
2019_DEMO_004,2019,5,28,DEMO,2,10,49,1305,7,3,run,run,1
2019_DEMO_004,2019,5,29,DEMO,1,10,83,1220,-14,3,run,pass,-2
2019_DEMO_004,2019,5,30,DEMO,2,3,14,1135,14,3,pass,run,4
2019_DEMO_004,2019,5,31,DEMO,1,5,11,1050,3,4,run,pass,3
2019_DEMO_004,2019,5,32,DEMO,2,10,62,965,-14,4,pass,run,6
2019_DEMO_004,2019,5,33,DEMO,2,2,68,880,7,4,run,run,8
2019_DEMO_004,2019,5,34,DEMO,2,1,16,795,14,4,run,run,7
2019_DEMO_004,2019,5,35,DEMO,2,5,70,710,3,4,run,pass,17
2019_DEMO_004,2019,5,36,DEMO,1,4,63,625,-3,4,pass,run,3
2019_DEMO_004,2019,5,37,DEMO,2,10,89,540,-3,4,run,run,10
2019_DEMO_004,2019,5,38,DEMO,1,6,50,455,14,4,run,run,9
2019_DEMO_004,2019,5,39,DEMO,3,10,71,370,-3,4,run,run,7
2019_DEMO_004,2019,5,40,DEMO,1,15,57,285,-14,4,run,pass,0
2019_DEMO_005,2019,6,1,DEMO,1,7,32,3600,0,1,none,run,5
2019_DEMO_005,2019,6,2,DEMO,1,6,18,3515,14,1,run,run,12
2019_DEMO_005,2019,6,3,DEMO,2,10,63,3430,7,1,run,run,0
2019_DEMO_005,2019,6,4,DEMO,2,10,5,3345,3,1,run,run,0
2019_DEMO_005,2019,6,5,DEMO,2,10,27,3260,7,1,run,run,3
2019_DEMO_005,2019,6,6,DEMO,2,3,18,3175,0,1,run,run,1
2019_DEMO_005,2019,6,7,DEMO,3,7,82,3090,7,1,run,run,2
2019_DEMO_005,2019,6,8,DEMO,1,6,42,3005,0,1,run,run,8
2019_DEMO_005,2019,6,9,DEMO,3,10,43,2920,14,1,run,run,9
2019_DEMO_005,2019,6,10,DEMO,3,15,75,2835,7,1,run,pass,0
2019_DEMO_005,2019,6,11,DEMO,2,12,49,2750,7,2,pass,pass,14
2019_DEMO_005,2019,6,12,DEMO,2,12,46,2665,7,2,pass,pass,8
2019_DEMO_005,2019,6,13,DEMO,2,10,90,2580,7,2,pass,pass,13
2019_DEMO_005,2019,6,14,DEMO,3,1,71,2495,-14,2,pass,pass,0
2019_DEMO_005,2019,6,15,DEMO,2,4,39,2410,14,2,pass,run,1
2019_DEMO_005,2019,6,16,DEMO,4,12,37,2325,-7,2,run,run,3
2019_DEMO_005,2019,6,17,DEMO,3,1,50,2240,14,2,run,run,1
2019_DEMO_005,2019,6,18,DEMO,2,12,76,2155,14,2,run,pass,0
2019_DEMO_005,2019,6,19,DEMO,3,15,41,2070,7,2,pass,pass,15
2019_DEMO_005,2019,6,20,DEMO,1,12,45,1985,3,2,pass,pass,14
2019_DEMO_005,2019,6,21,DEMO,3,10,33,1900,7,3,pass,run,13
2019_DEMO_005,2019,6,22,DEMO,2,10,74,1815,7,3,run,run,6
2019_DEMO_005,2019,6,23,DEMO,1,3,92,1730,-14,3,run,pass,0
2019_DEMO_005,2019,6,24,DEMO,2,7,10,1645,0,3,pass,pass,0
2019_DEMO_005,2019,6,25,DEMO,1,5,5,1560,-3,3,pass,run,-7
2019_DEMO_005,2019,6,26,DEMO,3,1,24,1475,-3,3,run,run,5
2019_DEMO_005,2019,6,27,DEMO,3,5,67,1390,14,3,run,run,-2
2019_DEMO_005,2019,6,28,DEMO,1,15,45,1305,3,3,run,pass,0
2019_DEMO_005,2019,6,29,DEMO,1,10,25,1220,0,3,pass,pass,-2
2019_DEMO_005,2019,6,30,DEMO,2,6,51,1135,-3,3,pass,pass,24
2019_DEMO_005,2019,6,31,DEMO,2,10,88,1050,-14,4,pass,pass,9
2019_DEMO_005,2019,6,32,DEMO,3,4,10,965,7,4,pass,run,11
2019_DEMO_005,2019,6,33,DEMO,1,2,54,880,-3,4,run,run,2
2019_DEMO_005,2019,6,34,DEMO,3,6,70,795,14,4,run,run,14
2019_DEMO_005,2019,6,35,DEMO,2,5,88,710,-7,4,run,pass,0
2019_DEMO_005,2019,6,36,DEMO,1,10,73,625,-14,4,pass,pass,0
2019_DEMO_005,2019,6,37,DEMO,2,4,92,540,0,4,pass,run,7
2019_DEMO_005,2019,6,38,DEMO,3,15,60,455,7,4,run,run,13
2019_DEMO_005,2019,6,39,DEMO,1,12,24,370,-14,4,run,pass,11
2019_DEMO_005,2019,6,40,DEMO,3,10,14,285,3,4,pass,run,5
2019_DEMO_006,2019,7,1,DEMO,3,7,54,3600,0,1,none,run,4
2019_DEMO_006,2019,7,2,DEMO,2,10,5,3515,7,1,run,run,5
2019_DEMO_006,2019,7,3,DEMO,1,15,79,3430,-14,1,run,run,14
2019_DEMO_006,2019,7,4,DEMO,1,12,43,3345,3,1,run,pass,18
2019_DEMO_006,2019,7,5,DEMO,2,7,89,3260,-14,1,pass,pass,14
2019_DEMO_006,2019,7,6,DEMO,3,10,42,3175,7,1,pass,pass,15
2019_DEMO_006,2019,7,7,DEMO,3,15,87,3090,-3,1,pass,run,14
2019_DEMO_006,2019,7,8,DEMO,1,1,5,3005,3,1,run,run,5
2019_DEMO_006,2019,7,9,DEMO,2,2,44,2920,-7,1,run,run,8
2019_DEMO_006,2019,7,10,DEMO,1,12,70,2835,-7,1,run,pass,0
2019_DEMO_006,2019,7,11,DEMO,3,4,19,2750,-7,2,pass,run,2
2019_DEMO_006,2019,7,12,DEMO,2,1,75,2665,0,2,run,run,11
2019_DEMO_006,2019,7,13,DEMO,1,4,79,2580,0,2,run,run,7
2019_DEMO_006,2019,7,14,DEMO,1,12,88,2495,-7,2,run,pass,15
2019_DEMO_006,2019,7,15,DEMO,2,10,89,2410,-3,2,pass,run,2
2019_DEMO_006,2019,7,16,DEMO,1,10,51,2325,14,2,run,run,4
2019_DEMO_006,2019,7,17,DEMO,1,4,87,2240,0,2,run,run,5
2019_DEMO_006,2019,7,18,DEMO,1,12,47,2155,0,2,run,run,2
2019_DEMO_006,2019,7,19,DEMO,2,3,87,2070,3,2,run,pass,0
2019_DEMO_006,2019,7,20,DEMO,3,10,30,1985,-3,2,pass,run,7
2019_DEMO_006,2019,7,21,DEMO,2,15,14,1900,-14,3,run,run,-1
2019_DEMO_006,2019,7,22,DEMO,2,10,32,1815,-14,3,run,pass,-4
2019_DEMO_006,2019,7,23,DEMO,4,10,88,1730,14,3,pass,pass,18
2019_DEMO_006,2019,7,24,DEMO,3,3,64,1645,3,3,pass,run,1
2019_DEMO_006,2019,7,25,DEMO,1,10,6,1560,7,3,run,pass,22
2019_DEMO_006,2019,7,26,DEMO,3,3,62,1475,-7,3,pass,pass,7
2019_DEMO_006,2019,7,27,DEMO,2,3,66,1390,-3,3,pass,pass,9
2019_DEMO_006,2019,7,28,DEMO,1,12,31,1305,3,3,pass,run,8
2019_DEMO_006,2019,7,29,DEMO,1,10,63,1220,-14,3,run,pass,27
2019_DEMO_006,2019,7,30,DEMO,2,5,38,1135,3,3,pass,run,12
2019_DEMO_006,2019,7,31,DEMO,1,12,53,1050,-3,4,run,run,6
2019_DEMO_006,2019,7,32,DEMO,1,4,71,965,0,4,run,run,3
2019_DEMO_006,2019,7,33,DEMO,3,10,66,880,3,4,run,pass,2
2019_DEMO_006,2019,7,34,DEMO,2,5,32,795,-7,4,pass,pass,11
2019_DEMO_006,2019,7,35,DEMO,2,2,89,710,-7,4,pass,run,3
2019_DEMO_006,2019,7,36,DEMO,2,10,31,625,3,4,run,pass,12
2019_DEMO_006,2019,7,37,DEMO,1,1,21,540,3,4,pass,run,8
2019_DEMO_006,2019,7,38,DEMO,3,3,12,455,-7,4,run,pass,0
2019_DEMO_006,2019,7,39,DEMO,3,10,77,370,7,4,pass,pass,17
2019_DEMO_006,2019,7,40,DEMO,2,5,15,285,-7,4,pass,pass,12
2019_DEMO_007,2019,8,1,DEMO,3,10,23,3600,14,1,none,run,2
2019_DEMO_007,2019,8,2,DEMO,3,10,89,3515,3,1,run,pass,3
2019_DEMO_007,2019,8,3,DEMO,2,4,53,3430,0,1,pass,pass,0
2019_DEMO_007,2019,8,4,DEMO,2,10,92,3345,0,1,pass,run,9
2019_DEMO_007,2019,8,5,DEMO,2,3,65,3260,3,1,run,run,8
2019_DEMO_007,2019,8,6,DEMO,3,2,66,3175,7,1,run,pass,1
2019_DEMO_007,2019,8,7,DEMO,3,12,88,3090,0,1,pass,pass,19
2019_DEMO_007,2019,8,8,DEMO,1,10,53,3005,-3,1,pass,run,6
2019_DEMO_007,2019,8,9,DEMO,3,15,78,2920,-14,1,run,pass,0
2019_DEMO_007,2019,8,10,DEMO,3,2,41,2835,3,1,pass,run,2
2019_DEMO_007,2019,8,11,DEMO,2,1,78,2750,3,2,run,run,6
2019_DEMO_007,2019,8,12,DEMO,1,12,31,2665,7,2,run,run,3
2019_DEMO_007,2019,8,13,DEMO,2,10,37,2580,-3,2,run,run,6
2019_DEMO_007,2019,8,14,DEMO,2,6,83,2495,-3,2,run,run,2
2019_DEMO_007,2019,8,15,DEMO,2,10,66,2410,-7,2,run,pass,12
2019_DEMO_007,2019,8,16,DEMO,1,5,78,2325,-3,2,pass,run,2
2019_DEMO_007,2019,8,17,DEMO,3,2,34,2240,0,2,run,run,6
2019_DEMO_007,2019,8,18,DEMO,3,2,32,2155,3,2,run,run,1
2019_DEMO_007,2019,8,19,DEMO,2,15,11,2070,-7,2,run,pass,18
2019_DEMO_007,2019,8,20,DEMO,3,3,65,1985,3,2,pass,run,7
2019_DEMO_007,2019,8,21,DEMO,1,1,54,1900,0,3,run,run,6
2019_DEMO_007,2019,8,22,DEMO,2,15,81,1815,-14,3,run,run,7
2019_DEMO_007,2019,8,23,DEMO,2,4,89,1730,14,3,run,run,-2
2019_DEMO_007,2019,8,24,DEMO,1,10,70,1645,3,3,run,run,-1
2019_DEMO_007,2019,8,25,DEMO,1,12,5,1560,-7,3,run,pass,0
2019_DEMO_007,2019,8,26,DEMO,1,12,55,1475,0,3,pass,run,0
2019_DEMO_007,2019,8,27,DEMO,2,15,95,1390,-14,3,run,run,-3
2019_DEMO_007,2019,8,28,DEMO,2,10,49,1305,-3,3,run,run,2
2019_DEMO_007,2019,8,29,DEMO,1,10,29,1220,0,3,run,run,1
2019_DEMO_007,2019,8,30,DEMO,1,2,76,1135,-14,3,run,run,3
2019_DEMO_007,2019,8,31,DEMO,1,2,70,1050,-3,4,run,run,7
2019_DEMO_007,2019,8,32,DEMO,2,7,77,965,0,4,run,run,-1
2019_DEMO_007,2019,8,33,DEMO,3,10,92,880,0,4,run,run,8
2019_DEMO_007,2019,8,34,DEMO,1,7,86,795,14,4,run,run,0
2019_DEMO_007,2019,8,35,DEMO,2,4,45,710,0,4,run,run,4
2019_DEMO_007,2019,8,36,DEMO,3,4,41,625,-14,4,run,pass,8
2019_DEMO_007,2019,8,37,DEMO,1,10,27,540,0,4,pass,pass,0
2019_DEMO_007,2019,8,38,DEMO,2,3,92,455,-7,4,pass,run,7
2019_DEMO_007,2019,8,39,DEMO,3,4,34,370,-7,4,run,run,12
2019_DEMO_007,2019,8,40,DEMO,3,6,24,285,14,4,run,pass,3
2019_DEMO_008,2019,9,1,DEMO,2,10,10,3600,14,1,none,run,-2
2019_DEMO_008,2019,9,2,DEMO,2,10,78,3515,14,1,run,run,8
2019_DEMO_008,2019,9,3,DEMO,2,7,33,3430,14,1,run,run,12
2019_DEMO_008,2019,9,4,DEMO,1,7,66,3345,3,1,run,pass,18
2019_DEMO_008,2019,9,5,DEMO,2,2,94,3260,3,1,pass,run,-2
2019_DEMO_008,2019,9,6,DEMO,2,1,91,3175,-7,1,run,run,8
2019_DEMO_008,2019,9,7,DEMO,3,3,75,3090,-3,1,run,pass,14
2019_DEMO_008,2019,9,8,DEMO,2,6,28,3005,0,1,pass,run,-2
2019_DEMO_008,2019,9,9,DEMO,1,7,40,2920,0,1,run,pass,0
2019_DEMO_008,2019,9,10,DEMO,2,4,17,2835,7,1,pass,pass,0
2019_DEMO_008,2019,9,11,DEMO,2,7,30,2750,-7,2,pass,run,8
2019_DEMO_008,2019,9,12,DEMO,2,10,6,2665,-7,2,run,pass,0
2019_DEMO_008,2019,9,13,DEMO,3,12,71,2580,3,2,pass,run,5
2019_DEMO_008,2019,9,14,DEMO,2,10,11,2495,0,2,run,pass,0
2019_DEMO_008,2019,9,15,DEMO,1,5,65,2410,14,2,pass,run,1
2019_DEMO_008,2019,9,16,DEMO,2,6,38,2325,-3,2,run,pass,12
2019_DEMO_008,2019,9,17,DEMO,1,6,91,2240,3,2,pass,pass,1
2019_DEMO_008,2019,9,18,DEMO,2,3,41,2155,-3,2,pass,pass,10
2019_DEMO_008,2019,9,19,DEMO,1,10,41,2070,0,2,pass,run,-1
2019_DEMO_008,2019,9,20,DEMO,1,3,86,1985,14,2,run,run,-1
2019_DEMO_008,2019,9,21,DEMO,1,2,15,1900,-7,3,run,run,7
2019_DEMO_008,2019,9,22,DEMO,1,12,42,1815,7,3,run,pass,7
2019_DEMO_008,2019,9,23,DEMO,3,6,80,1730,3,3,pass,run,9
2019_DEMO_008,2019,9,24,DEMO,1,3,7,1645,-7,3,run,run,-1
2019_DEMO_008,2019,9,25,DEMO,2,2,31,1560,-7,3,run,run,-5
2019_DEMO_008,2019,9,26,DEMO,1,10,75,1475,-14,3,run,pass,9
2019_DEMO_008,2019,9,27,DEMO,1,3,15,1390,7,3,pass,run,2
2019_DEMO_008,2019,9,28,DEMO,1,4,36,1305,7,3,run,run,3
2019_DEMO_008,2019,9,29,DEMO,3,1,9,1220,7,3,run,run,3
2019_DEMO_008,2019,9,30,DEMO,3,10,64,1135,14,3,run,run,4
2019_DEMO_008,2019,9,31,DEMO,3,15,74,1050,-7,4,run,pass,18
2019_DEMO_008,2019,9,32,DEMO,3,10,60,965,3,4,pass,pass,17
2019_DEMO_008,2019,9,33,DEMO,1,2,61,880,-3,4,pass,run,2
2019_DEMO_008,2019,9,34,DEMO,1,5,6,795,-14,4,run,run,5
2019_DEMO_008,2019,9,35,DEMO,1,10,6,710,7,4,run,run,2
2019_DEMO_008,2019,9,36,DEMO,3,10,43,625,-14,4,run,pass,-5
2019_DEMO_008,2019,9,37,DEMO,2,4,57,540,3,4,pass,pass,0
2019_DEMO_008,2019,9,38,DEMO,2,12,54,455,14,4,pass,pass,0
2019_DEMO_008,2019,9,39,DEMO,2,4,71,370,14,4,pass,run,0
2019_DEMO_008,2019,9,40,DEMO,2,15,92,285,-3,4,run,pass,12
2019_DEMO_009,2019,10,1,DEMO,3,3,22,3600,-3,1,none,pass,0
2019_DEMO_009,2019,10,2,DEMO,2,15,84,3515,0,1,pass,pass,0
2019_DEMO_009,2019,10,3,DEMO,1,10,7,3430,-7,1,pass,run,4
2019_DEMO_009,2019,10,4,DEMO,2,1,34,3345,-14,1,run,pass,13
2019_DEMO_009,2019,10,5,DEMO,1,5,68,3260,-3,1,pass,run,5
2019_DEMO_009,2019,10,6,DEMO,3,3,12,3175,-3,1,run,run,0
2019_DEMO_009,2019,10,7,DEMO,1,10,28,3090,-7,1,run,run,4
2019_DEMO_009,2019,10,8,DEMO,1,15,36,3005,0,1,run,run,9
2019_DEMO_009,2019,10,9,DEMO,2,15,9,2920,-7,1,run,pass,-12
2019_DEMO_009,2019,10,10,DEMO,2,12,44,2835,-3,1,pass,pass,5
2019_DEMO_009,2019,10,11,DEMO,3,10,71,2750,-14,2,pass,pass,14
2019_DEMO_009,2019,10,12,DEMO,3,4,19,2665,-7,2,pass,run,14
2019_DEMO_009,2019,10,13,DEMO,1,3,40,2580,3,2,run,pass,11
2019_DEMO_009,2019,10,14,DEMO,3,10,93,2495,3,2,pass,pass,9
2019_DEMO_009,2019,10,15,DEMO,1,10,16,2410,7,2,pass,run,19
2019_DEMO_009,2019,10,16,DEMO,2,1,50,2325,7,2,run,run,-2
2019_DEMO_009,2019,10,17,DEMO,2,2,21,2240,0,2,run,run,12
2019_DEMO_009,2019,10,18,DEMO,3,10,29,2155,-14,2,run,pass,7
2019_DEMO_009,2019,10,19,DEMO,1,1,67,2070,7,2,pass,run,2
2019_DEMO_009,2019,10,20,DEMO,1,3,74,1985,-3,2,run,run,11
2019_DEMO_009,2019,10,21,DEMO,2,10,75,1900,-7,3,run,pass,0
2019_DEMO_009,2019,10,22,DEMO,1,5,74,1815,-3,3,pass,run,5
2019_DEMO_009,2019,10,23,DEMO,2,1,84,1730,14,3,run,run,-1
2019_DEMO_009,2019,10,24,DEMO,2,6,13,1645,7,3,run,run,6
2019_DEMO_009,2019,10,25,DEMO,2,10,24,1560,3,3,run,pass,3
2019_DEMO_009,2019,10,26,DEMO,1,2,71,1475,7,3,pass,pass,21
2019_DEMO_009,2019,10,27,DEMO,1,10,29,1390,-14,3,pass,pass,22
2019_DEMO_009,2019,10,28,DEMO,1,10,72,1305,3,3,pass,run,4
2019_DEMO_009,2019,10,29,DEMO,2,2,6,1220,-7,3,run,run,9
2019_DEMO_009,2019,10,30,DEMO,3,2,64,1135,14,3,run,run,0
2019_DEMO_009,2019,10,31,DEMO,3,6,95,1050,-14,4,run,run,10
2019_DEMO_009,2019,10,32,DEMO,1,1,14,965,14,4,run,run,15
2019_DEMO_009,2019,10,33,DEMO,1,15,34,880,3,4,run,pass,0
2019_DEMO_009,2019,10,34,DEMO,2,10,85,795,-7,4,pass,pass,1
2019_DEMO_009,2019,10,35,DEMO,3,12,78,710,-3,4,pass,pass,5
2019_DEMO_009,2019,10,36,DEMO,3,10,56,625,3,4,pass,pass,0
2019_DEMO_009,2019,10,37,DEMO,4,10,50,540,-3,4,pass,pass,10
2019_DEMO_009,2019,10,38,DEMO,3,7,86,455,0,4,pass,run,3
2019_DEMO_009,2019,10,39,DEMO,2,7,75,370,7,4,run,pass,14
2019_DEMO_009,2019,10,40,DEMO,2,7,5,285,7,4,pass,pass,0
2019_DEMO_010,2019,11,1,DEMO,1,3,43,3600,-14,1,none,run,6
2019_DEMO_010,2019,11,2,DEMO,1,15,40,3515,3,1,run,run,13
2019_DEMO_010,2019,11,3,DEMO,2,10,24,3430,-14,1,run,pass,14
2019_DEMO_010,2019,11,4,DEMO,2,4,37,3345,14,1,pass,run,8
2019_DEMO_010,2019,11,5,DEMO,2,10,32,3260,7,1,run,pass,-2
2019_DEMO_010,2019,11,6,DEMO,3,15,78,3175,14,1,pass,run,5
2019_DEMO_010,2019,11,7,DEMO,2,5,9,3090,7,1,run,run,-1
2019_DEMO_010,2019,11,8,DEMO,3,6,49,3005,14,1,run,run,10
2019_DEMO_010,2019,11,9,DEMO,3,2,34,2920,7,1,run,run,4
2019_DEMO_010,2019,11,10,DEMO,3,7,11,2835,-3,1,run,run,4
2019_DEMO_010,2019,11,11,DEMO,1,10,24,2750,-3,2,run,run,5
2019_DEMO_010,2019,11,12,DEMO,2,7,62,2665,14,2,run,run,6
2019_DEMO_010,2019,11,13,DEMO,2,4,60,2580,-3,2,run,run,7
2019_DEMO_010,2019,11,14,DEMO,2,15,11,2495,3,2,run,pass,0
2019_DEMO_010,2019,11,15,DEMO,2,15,21,2410,14,2,pass,pass,15
2019_DEMO_010,2019,11,16,DEMO,2,12,78,2325,-7,2,pass,pass,2
2019_DEMO_010,2019,11,17,DEMO,1,7,46,2240,7,2,pass,run,4
2019_DEMO_010,2019,11,18,DEMO,1,12,57,2155,0,2,run,pass,0
2019_DEMO_010,2019,11,19,DEMO,1,12,8,2070,14,2,pass,pass,-12
2019_DEMO_010,2019,11,20,DEMO,2,3,61,1985,-14,2,pass,run,-5
2019_DEMO_010,2019,11,21,DEMO,1,12,52,1900,-7,3,run,run,6
2019_DEMO_010,2019,11,22,DEMO,1,10,23,1815,14,3,run,run,3
2019_DEMO_010,2019,11,23,DEMO,1,6,93,1730,14,3,run,pass,15
2019_DEMO_010,2019,11,24,DEMO,2,4,74,1645,3,3,pass,run,5
2019_DEMO_010,2019,11,25,DEMO,2,10,23,1560,7,3,run,run,10
2019_DEMO_010,2019,11,26,DEMO,2,1,37,1475,-7,3,run,pass,0
2019_DEMO_010,2019,11,27,DEMO,2,5,11,1390,0,3,pass,run,5
2019_DEMO_010,2019,11,28,DEMO,1,7,89,1305,-3,3,run,run,8
2019_DEMO_010,2019,11,29,DEMO,1,5,88,1220,0,3,run,pass,4
2019_DEMO_010,2019,11,30,DEMO,4,2,45,1135,0,3,pass,run,2
2019_DEMO_010,2019,11,31,DEMO,2,10,76,1050,7,4,run,pass,0
2019_DEMO_010,2019,11,32,DEMO,2,6,67,965,0,4,pass,run,4
2019_DEMO_010,2019,11,33,DEMO,1,12,50,880,-3,4,run,run,6
2019_DEMO_010,2019,11,34,DEMO,2,1,85,795,-3,4,run,run,17
2019_DEMO_010,2019,11,35,DEMO,3,1,76,710,-3,4,run,pass,5
2019_DEMO_010,2019,11,36,DEMO,2,10,91,625,3,4,pass,run,6
2019_DEMO_010,2019,11,37,DEMO,2,7,35,540,3,4,run,pass,15
2019_DEMO_010,2019,11,38,DEMO,2,4,88,455,-7,4,pass,run,2
2019_DEMO_010,2019,11,39,DEMO,2,4,22,370,-3,4,run,run,13
2019_DEMO_010,2019,11,40,DEMO,2,3,88,285,3,4,run,run,-2
2019_DEMO_011,2019,12,1,DEMO,1,10,73,3600,7,1,none,pass,0
2019_DEMO_011,2019,12,2,DEMO,3,15,8,3515,14,1,pass,pass,16
2019_DEMO_011,2019,12,3,DEMO,3,12,40,3430,-7,1,pass,run,3
2019_DEMO_011,2019,12,4,DEMO,1,3,8,3345,14,1,run,run,0
2019_DEMO_011,2019,12,5,DEMO,2,10,34,3260,-7,1,run,run,0
2019_DEMO_011,2019,12,6,DEMO,1,15,66,3175,-7,1,run,run,-1
2019_DEMO_011,2019,12,7,DEMO,1,7,67,3090,0,1,run,pass,0
2019_DEMO_011,2019,12,8,DEMO,1,1,39,3005,0,1,pass,run,0
2019_DEMO_011,2019,12,9,DEMO,2,4,31,2920,-14,1,run,pass,-3
2019_DEMO_011,2019,12,10,DEMO,2,10,36,2835,0,1,pass,pass,0
2019_DEMO_011,2019,12,11,DEMO,2,7,45,2750,0,2,pass,run,7
2019_DEMO_011,2019,12,12,DEMO,3,10,73,2665,3,2,run,run,4
2019_DEMO_011,2019,12,13,DEMO,1,10,10,2580,-7,2,run,run,3
2019_DEMO_011,2019,12,14,DEMO,1,15,10,2495,3,2,run,pass,14
2019_DEMO_011,2019,12,15,DEMO,2,5,41,2410,0,2,pass,pass,0
2019_DEMO_011,2019,12,16,DEMO,3,15,71,2325,-7,2,pass,pass,7
2019_DEMO_011,2019,12,17,DEMO,1,10,19,2240,-7,2,pass,run,11
2019_DEMO_011,2019,12,18,DEMO,1,7,46,2155,0,2,run,pass,3
2019_DEMO_011,2019,12,19,DEMO,3,4,63,2070,-14,2,pass,pass,22
2019_DEMO_011,2019,12,20,DEMO,2,2,16,1985,-14,2,pass,run,0
2019_DEMO_011,2019,12,21,DEMO,2,2,72,1900,7,3,run,run,6
2019_DEMO_011,2019,12,22,DEMO,3,7,75,1815,0,3,run,pass,0
2019_DEMO_011,2019,12,23,DEMO,1,12,24,1730,-7,3,pass,run,-1
2019_DEMO_011,2019,12,24,DEMO,1,15,11,1645,0,3,run,pass,16
2019_DEMO_011,2019,12,25,DEMO,1,3,30,1560,-14,3,pass,run,3
2019_DEMO_011,2019,12,26,DEMO,1,10,68,1475,14,3,run,run,7
2019_DEMO_011,2019,12,27,DEMO,2,4,80,1390,7,3,run,run,-1
2019_DEMO_011,2019,12,28,DEMO,1,2,81,1305,3,3,run,pass,6
2019_DEMO_011,2019,12,29,DEMO,3,4,11,1220,-7,3,pass,pass,21
2019_DEMO_011,2019,12,30,DEMO,1,1,90,1135,3,3,pass,run,1
2019_DEMO_011,2019,12,31,DEMO,1,7,27,1050,-7,4,run,run,14
2019_DEMO_011,2019,12,32,DEMO,2,15,94,965,3,4,run,pass,23
2019_DEMO_011,2019,12,33,DEMO,1,1,16,880,14,4,pass,run,3
2019_DEMO_011,2019,12,34,DEMO,1,7,13,795,14,4,run,run,1
2019_DEMO_011,2019,12,35,DEMO,1,15,40,710,-3,4,run,pass,6
2019_DEMO_011,2019,12,36,DEMO,2,10,12,625,-14,4,pass,pass,5
2019_DEMO_011,2019,12,37,DEMO,2,10,95,540,-3,4,pass,pass,8
2019_DEMO_011,2019,12,38,DEMO,1,10,84,455,-3,4,pass,run,0
2019_DEMO_011,2019,12,39,DEMO,2,10,68,370,14,4,run,pass,2
2019_DEMO_011,2019,12,40,DEMO,2,4,5,285,-14,4,pass,pass,21
2020_DEMO_000,2020,1,1,DEMO,3,7,57,3600,-14,1,none,pass,20
2020_DEMO_000,2020,1,2,DEMO,2,1,86,3515,-7,1,pass,run,4
2020_DEMO_000,2020,1,3,DEMO,1,10,46,3430,14,1,run,pass,12
2020_DEMO_000,2020,1,4,DEMO,1,15,77,3345,3,1,pass,run,6
2020_DEMO_000,2020,1,5,DEMO,3,12,66,3260,0,1,run,run,2
2020_DEMO_000,2020,1,6,DEMO,2,10,24,3175,7,1,run,run,11
2020_DEMO_000,2020,1,7,DEMO,2,7,12,3090,14,1,run,run,-3
2020_DEMO_000,2020,1,8,DEMO,2,12,45,3005,3,1,run,run,6
2020_DEMO_000,2020,1,9,DEMO,3,6,13,2920,-7,1,run,pass,0
2020_DEMO_000,2020,1,10,DEMO,4,12,73,2835,14,1,pass,pass,22
2020_DEMO_000,2020,1,11,DEMO,1,2,44,2750,7,2,pass,run,3
2020_DEMO_000,2020,1,12,DEMO,1,4,52,2665,0,2,run,run,1
2020_DEMO_000,2020,1,13,DEMO,1,10,43,2580,-7,2,run,pass,12
2020_DEMO_000,2020,1,14,DEMO,2,1,66,2495,3,2,pass,pass,-11
2020_DEMO_000,2020,1,15,DEMO,2,10,44,2410,14,2,pass,pass,29
2020_DEMO_000,2020,1,16,DEMO,2,3,31,2325,7,2,pass,pass,23
2020_DEMO_000,2020,1,17,DEMO,3,2,5,2240,-3,2,pass,run,2
2020_DEMO_000,2020,1,18,DEMO,1,10,10,2155,-14,2,run,run,-1
2020_DEMO_000,2020,1,19,DEMO,2,5,7,2070,3,2,run,run,2
2020_DEMO_000,2020,1,20,DEMO,1,5,40,1985,3,2,run,run,2
2020_DEMO_000,2020,1,21,DEMO,2,2,39,1900,-7,3,run,pass,0
2020_DEMO_000,2020,1,22,DEMO,3,10,70,1815,-14,3,pass,pass,6
2020_DEMO_000,2020,1,23,DEMO,2,5,78,1730,-7,3,pass,pass,0
2020_DEMO_000,2020,1,24,DEMO,3,10,61,1645,-14,3,pass,pass,13
2020_DEMO_000,2020,1,25,DEMO,2,2,54,1560,-14,3,pass,pass,3
2020_DEMO_000,2020,1,26,DEMO,2,15,94,1475,0,3,pass,pass,0
2020_DEMO_000,2020,1,27,DEMO,3,15,90,1390,14,3,pass,pass,-10
2020_DEMO_000,2020,1,28,DEMO,3,10,77,1305,-7,3,pass,pass,7
2020_DEMO_000,2020,1,29,DEMO,1,12,95,1220,14,3,pass,run,2
2020_DEMO_000,2020,1,30,DEMO,1,4,23,1135,14,3,run,run,4
2020_DEMO_000,2020,1,31,DEMO,1,12,47,1050,14,4,run,run,9
2020_DEMO_000,2020,1,32,DEMO,1,10,8,965,-14,4,run,pass,3
2020_DEMO_000,2020,1,33,DEMO,3,10,78,880,-7,4,pass,pass,10
2020_DEMO_000,2020,1,34,DEMO,2,2,46,795,3,4,pass,run,6
2020_DEMO_000,2020,1,35,DEMO,1,7,35,710,3,4,run,pass,0
2020_DEMO_000,2020,1,36,DEMO,2,2,48,625,-7,4,pass,run,-1
2020_DEMO_000,2020,1,37,DEMO,2,7,77,540,14,4,run,pass,15
2020_DEMO_000,2020,1,38,DEMO,2,15,78,455,14,4,pass,pass,20
2020_DEMO_000,2020,1,39,DEMO,2,10,17,370,14,4,pass,pass,0
2020_DEMO_000,2020,1,40,DEMO,1,10,18,285,7,4,pass,run,5
2020_DEMO_001,2020,2,1,DEMO,2,12,12,3600,-14,1,none,pass,0
2020_DEMO_001,2020,2,2,DEMO,2,12,5,3515,14,1,pass,pass,0
2020_DEMO_001,2020,2,3,DEMO,2,7,83,3430,3,1,pass,run,0
2020_DEMO_001,2020,2,4,DEMO,1,6,43,3345,3,1,run,run,0
2020_DEMO_001,2020,2,5,DEMO,3,15,49,3260,-14,1,run,pass,-10
2020_DEMO_001,2020,2,6,DEMO,2,3,42,3175,-14,1,pass,pass,22
2020_DEMO_001,2020,2,7,DEMO,3,6,19,3090,14,1,pass,pass,0
2020_DEMO_001,2020,2,8,DEMO,2,10,55,3005,7,1,pass,pass,13
2020_DEMO_001,2020,2,9,DEMO,1,10,32,2920,7,1,pass,pass,0
2020_DEMO_001,2020,2,10,DEMO,2,6,58,2835,-7,1,pass,pass,9
2020_DEMO_001,2020,2,11,DEMO,2,3,67,2750,7,2,pass,run,5
2020_DEMO_001,2020,2,12,DEMO,4,2,22,2665,7,2,run,run,11
2020_DEMO_001,2020,2,13,DEMO,2,7,84,2580,-7,2,run,run,-3
2020_DEMO_001,2020,2,14,DEMO,2,10,54,2495,-3,2,run,pass,19
2020_DEMO_001,2020,2,15,DEMO,2,15,69,2410,-3,2,pass,pass,9
2020_DEMO_001,2020,2,16,DEMO,1,1,77,2325,0,2,pass,run,8
2020_DEMO_001,2020,2,17,DEMO,2,3,72,2240,14,2,run,run,8
2020_DEMO_001,2020,2,18,DEMO,3,10,71,2155,-14,2,run,pass,9
2020_DEMO_001,2020,2,19,DEMO,2,12,14,2070,7,2,pass,run,11
2020_DEMO_001,2020,2,20,DEMO,3,5,83,1985,-14,2,run,run,4
2020_DEMO_001,2020,2,21,DEMO,2,10,78,1900,7,3,run,pass,8
2020_DEMO_001,2020,2,22,DEMO,4,5,42,1815,-7,3,pass,pass,8
2020_DEMO_001,2020,2,23,DEMO,2,1,85,1730,0,3,pass,run,-3
2020_DEMO_001,2020,2,24,DEMO,2,12,42,1645,14,3,run,run,10
2020_DEMO_001,2020,2,25,DEMO,1,2,40,1560,-3,3,run,pass,0
2020_DEMO_001,2020,2,26,DEMO,3,1,19,1475,3,3,pass,pass,10
2020_DEMO_001,2020,2,27,DEMO,1,10,52,1390,14,3,pass,pass,9
2020_DEMO_001,2020,2,28,DEMO,2,1,48,1305,-14,3,pass,run,7
2020_DEMO_001,2020,2,29,DEMO,2,3,68,1220,14,3,run,run,5
2020_DEMO_001,2020,2,30,DEMO,2,12,26,1135,-7,3,run,pass,2
2020_DEMO_001,2020,2,31,DEMO,1,5,19,1050,-14,4,pass,pass,4
2020_DEMO_001,2020,2,32,DEMO,3,10,34,965,0,4,pass,pass,23
2020_DEMO_001,2020,2,33,DEMO,1,10,60,880,-14,4,pass,pass,3
2020_DEMO_001,2020,2,34,DEMO,2,1,17,795,3,4,pass,run,7
2020_DEMO_001,2020,2,35,DEMO,3,7,83,710,7,4,run,run,3
2020_DEMO_001,2020,2,36,DEMO,1,12,79,625,0,4,run,pass,15
2020_DEMO_001,2020,2,37,DEMO,1,12,80,540,14,4,pass,pass,6
2020_DEMO_001,2020,2,38,DEMO,2,12,6,455,14,4,pass,pass,3
2020_DEMO_001,2020,2,39,DEMO,2,12,62,370,-3,4,pass,pass,0
2020_DEMO_001,2020,2,40,DEMO,1,1,84,285,-14,4,pass,pass,13
2020_DEMO_002,2020,3,1,DEMO,2,2,95,3600,-14,1,none,pass,5
2020_DEMO_002,2020,3,2,DEMO,1,12,77,3515,14,1,pass,run,10
2020_DEMO_002,2020,3,3,DEMO,1,10,89,3430,-14,1,run,run,0
2020_DEMO_002,2020,3,4,DEMO,3,5,59,3345,7,1,run,run,5
2020_DEMO_002,2020,3,5,DEMO,1,2,40,3260,14,1,run,pass,1
2020_DEMO_002,2020,3,6,DEMO,4,5,38,3175,-7,1,pass,pass,20
2020_DEMO_002,2020,3,7,DEMO,1,10,18,3090,-7,1,pass,run,2
2020_DEMO_002,2020,3,8,DEMO,2,10,87,3005,-14,1,run,run,4
2020_DEMO_002,2020,3,9,DEMO,1,10,37,2920,14,1,run,run,2
2020_DEMO_002,2020,3,10,DEMO,3,3,88,2835,7,1,run,pass,0
2020_DEMO_002,2020,3,11,DEMO,1,3,94,2750,-3,2,pass,run,-1
2020_DEMO_002,2020,3,12,DEMO,3,10,66,2665,0,2,run,pass,4
2020_DEMO_002,2020,3,13,DEMO,3,2,74,2580,-7,2,pass,pass,13
2020_DEMO_002,2020,3,14,DEMO,2,6,47,2495,7,2,pass,pass,0
2020_DEMO_002,2020,3,15,DEMO,4,12,16,2410,-3,2,pass,pass,-1
2020_DEMO_002,2020,3,16,DEMO,1,10,42,2325,7,2,pass,pass,21
2020_DEMO_002,2020,3,17,DEMO,1,7,18,2240,7,2,pass,run,3
2020_DEMO_002,2020,3,18,DEMO,2,12,61,2155,7,2,run,pass,0
2020_DEMO_002,2020,3,19,DEMO,1,10,35,2070,0,2,pass,pass,2
2020_DEMO_002,2020,3,20,DEMO,3,10,7,1985,-14,2,pass,pass,0
2020_DEMO_002,2020,3,21,DEMO,2,7,20,1900,-7,3,pass,run,2
2020_DEMO_002,2020,3,22,DEMO,2,10,24,1815,7,3,run,run,0
2020_DEMO_002,2020,3,23,DEMO,3,1,23,1730,0,3,run,run,-6
2020_DEMO_002,2020,3,24,DEMO,1,15,88,1645,-7,3,run,pass,12
2020_DEMO_002,2020,3,25,DEMO,3,2,63,1560,3,3,pass,pass,10
2020_DEMO_002,2020,3,26,DEMO,2,10,33,1475,-14,3,pass,run,2
2020_DEMO_002,2020,3,27,DEMO,2,15,91,1390,0,3,run,pass,4
2020_DEMO_002,2020,3,28,DEMO,3,4,10,1305,3,3,pass,pass,0
2020_DEMO_002,2020,3,29,DEMO,1,7,26,1220,7,3,pass,pass,0
2020_DEMO_002,2020,3,30,DEMO,1,10,10,1135,-7,3,pass,pass,6
2020_DEMO_002,2020,3,31,DEMO,2,3,7,1050,0,4,pass,pass,0
2020_DEMO_002,2020,3,32,DEMO,3,15,88,965,3,4,pass,run,-3
2020_DEMO_002,2020,3,33,DEMO,3,15,21,880,-7,4,run,pass,0
2020_DEMO_002,2020,3,34,DEMO,2,4,27,795,3,4,pass,run,9
2020_DEMO_002,2020,3,35,DEMO,2,15,68,710,3,4,run,run,-1
2020_DEMO_002,2020,3,36,DEMO,1,1,76,625,-7,4,run,run,-1
2020_DEMO_002,2020,3,37,DEMO,4,2,84,540,-3,4,run,run,10
2020_DEMO_002,2020,3,38,DEMO,2,12,89,455,-7,4,run,pass,0
2020_DEMO_002,2020,3,39,DEMO,3,12,65,370,0,4,pass,pass,8
2020_DEMO_002,2020,3,40,DEMO,1,12,51,285,-3,4,pass,pass,0
2020_DEMO_003,2020,4,1,DEMO,2,10,10,3600,-14,1,none,run,7
2020_DEMO_003,2020,4,2,DEMO,3,10,70,3515,-14,1,run,pass,0
2020_DEMO_003,2020,4,3,DEMO,2,10,46,3430,0,1,pass,pass,6
2020_DEMO_003,2020,4,4,DEMO,1,2,46,3345,-7,1,pass,pass,14
2020_DEMO_003,2020,4,5,DEMO,1,10,79,3260,0,1,pass,pass,2
2020_DEMO_003,2020,4,6,DEMO,1,10,63,3175,-7,1,pass,pass,0
2020_DEMO_003,2020,4,7,DEMO,2,12,50,3090,-3,1,pass,pass,0
2020_DEMO_003,2020,4,8,DEMO,2,1,40,3005,-7,1,pass,pass,-5
2020_DEMO_003,2020,4,9,DEMO,1,5,82,2920,-7,1,pass,run,8
2020_DEMO_003,2020,4,10,DEMO,2,10,26,2835,3,1,run,run,6
2020_DEMO_003,2020,4,11,DEMO,3,10,32,2750,3,2,run,pass,5
2020_DEMO_003,2020,4,12,DEMO,1,7,36,2665,-7,2,pass,pass,18
2020_DEMO_003,2020,4,13,DEMO,1,10,5,2580,0,2,pass,run,1
2020_DEMO_003,2020,4,14,DEMO,1,10,69,2495,-14,2,run,run,-2
2020_DEMO_003,2020,4,15,DEMO,2,2,62,2410,0,2,run,run,10
2020_DEMO_003,2020,4,16,DEMO,2,1,93,2325,7,2,run,run,5
2020_DEMO_003,2020,4,17,DEMO,1,2,7,2240,0,2,run,run,9
2020_DEMO_003,2020,4,18,DEMO,1,10,78,2155,7,2,run,run,9
2020_DEMO_003,2020,4,19,DEMO,1,15,56,2070,-7,2,run,run,4
2020_DEMO_003,2020,4,20,DEMO,1,10,95,1985,7,2,run,pass,-2
2020_DEMO_003,2020,4,21,DEMO,2,5,59,1900,14,3,pass,pass,18
2020_DEMO_003,2020,4,22,DEMO,2,4,92,1815,-14,3,pass,run,-1
2020_DEMO_003,2020,4,23,DEMO,2,12,51,1730,-14,3,run,pass,26
2020_DEMO_003,2020,4,24,DEMO,2,6,51,1645,-7,3,pass,run,3
2020_DEMO_003,2020,4,25,DEMO,3,3,47,1560,-7,3,run,run,-1
2020_DEMO_003,2020,4,26,DEMO,2,15,79,1475,14,3,run,run,6
2020_DEMO_003,2020,4,27,DEMO,1,6,39,1390,3,3,run,run,12
2020_DEMO_003,2020,4,28,DEMO,1,2,52,1305,-3,3,run,run,-4
2020_DEMO_003,2020,4,29,DEMO,2,10,91,1220,14,3,run,run,4
2020_DEMO_003,2020,4,30,DEMO,1,10,52,1135,14,3,run,run,0
2020_DEMO_003,2020,4,31,DEMO,3,4,63,1050,-14,4,run,pass,-12
2020_DEMO_003,2020,4,32,DEMO,1,2,18,965,-7,4,pass,pass,-10
2020_DEMO_003,2020,4,33,DEMO,2,12,7,880,-3,4,pass,pass,9
2020_DEMO_003,2020,4,34,DEMO,3,10,49,795,0,4,pass,pass,8
2020_DEMO_003,2020,4,35,DEMO,3,4,71,710,7,4,pass,pass,12
2020_DEMO_003,2020,4,36,DEMO,2,6,67,625,3,4,pass,run,-1
2020_DEMO_003,2020,4,37,DEMO,2,10,21,540,14,4,run,pass,6
2020_DEMO_003,2020,4,38,DEMO,1,6,41,455,14,4,pass,run,7
2020_DEMO_003,2020,4,39,DEMO,3,10,25,370,7,4,run,pass,0
2020_DEMO_003,2020,4,40,DEMO,1,15,93,285,7,4,pass,run,7
2020_DEMO_004,2020,5,1,DEMO,1,2,10,3600,-3,1,none,run,0
2020_DEMO_004,2020,5,2,DEMO,1,15,9,3515,7,1,run,pass,12
2020_DEMO_004,2020,5,3,DEMO,1,10,25,3430,3,1,pass,pass,0
2020_DEMO_004,2020,5,4,DEMO,1,10,45,3345,-7,1,pass,pass,14
2020_DEMO_004,2020,5,5,DEMO,4,6,87,3260,7,1,pass,pass,23
2020_DEMO_004,2020,5,6,DEMO,4,12,23,3175,14,1,pass,pass,6
2020_DEMO_004,2020,5,7,DEMO,2,15,19,3090,7,1,pass,pass,0
2020_DEMO_004,2020,5,8,DEMO,2,2,44,3005,-14,1,pass,run,7
2020_DEMO_004,2020,5,9,DEMO,1,1,82,2920,7,1,run,run,0
2020_DEMO_004,2020,5,10,DEMO,2,5,30,2835,-14,1,run,pass,-2
2020_DEMO_004,2020,5,11,DEMO,4,7,29,2750,0,2,pass,pass,-12
2020_DEMO_004,2020,5,12,DEMO,3,12,51,2665,0,2,pass,pass,3
2020_DEMO_004,2020,5,13,DEMO,1,6,44,2580,0,2,pass,run,8
2020_DEMO_004,2020,5,14,DEMO,1,15,61,2495,7,2,run,run,6
2020_DEMO_004,2020,5,15,DEMO,3,7,58,2410,-7,2,run,run,1
2020_DEMO_004,2020,5,16,DEMO,2,3,31,2325,-3,2,run,run,13
2020_DEMO_004,2020,5,17,DEMO,1,10,53,2240,-14,2,run,pass,-11
2020_DEMO_004,2020,5,18,DEMO,1,3,76,2155,0,2,pass,run,4
2020_DEMO_004,2020,5,19,DEMO,1,7,42,2070,3,2,run,run,2
2020_DEMO_004,2020,5,20,DEMO,3,5,79,1985,-3,2,run,run,4
2020_DEMO_004,2020,5,21,DEMO,3,3,38,1900,-3,3,run,run,1
2020_DEMO_004,2020,5,22,DEMO,3,10,20,1815,7,3,run,run,4
2020_DEMO_004,2020,5,23,DEMO,3,12,36,1730,-14,3,run,pass,0
2020_DEMO_004,2020,5,24,DEMO,4,2,81,1645,7,3,pass,pass,14
2020_DEMO_004,2020,5,25,DEMO,2,5,85,1560,7,3,pass,run,4
2020_DEMO_004,2020,5,26,DEMO,2,10,7,1475,14,3,run,pass,4
2020_DEMO_004,2020,5,27,DEMO,1,10,93,1390,-7,3,pass,pass,0
2020_DEMO_004,2020,5,28,DEMO,1,12,50,1305,-14,3,pass,pass,18
2020_DEMO_004,2020,5,29,DEMO,3,3,17,1220,3,3,pass,run,2
2020_DEMO_004,2020,5,30,DEMO,2,6,92,1135,14,3,run,run,2
2020_DEMO_004,2020,5,31,DEMO,1,10,50,1050,14,4,run,pass,0
2020_DEMO_004,2020,5,32,DEMO,1,10,57,965,-3,4,pass,run,-2
2020_DEMO_004,2020,5,33,DEMO,1,4,24,880,3,4,run,pass,0
2020_DEMO_004,2020,5,34,DEMO,3,10,93,795,14,4,pass,run,9
2020_DEMO_004,2020,5,35,DEMO,2,2,58,710,0,4,run,run,-2
2020_DEMO_004,2020,5,36,DEMO,1,3,7,625,0,4,run,run,3
2020_DEMO_004,2020,5,37,DEMO,2,10,71,540,14,4,run,run,2
2020_DEMO_004,2020,5,38,DEMO,1,5,8,455,7,4,run,run,6
2020_DEMO_004,2020,5,39,DEMO,1,4,44,370,-7,4,run,pass,26
2020_DEMO_004,2020,5,40,DEMO,2,2,14,285,-14,4,pass,run,4
2020_DEMO_005,2020,6,1,DEMO,1,12,70,3600,3,1,none,pass,0
2020_DEMO_005,2020,6,2,DEMO,1,2,43,3515,7,1,pass,pass,0
2020_DEMO_005,2020,6,3,DEMO,1,10,31,3430,3,1,pass,run,3
2020_DEMO_005,2020,6,4,DEMO,1,6,8,3345,-14,1,run,pass,6
2020_DEMO_005,2020,6,5,DEMO,1,10,83,3260,-7,1,pass,run,10
2020_DEMO_005,2020,6,6,DEMO,1,10,6,3175,3,1,run,pass,0
2020_DEMO_005,2020,6,7,DEMO,1,10,5,3090,7,1,pass,pass,0
2020_DEMO_005,2020,6,8,DEMO,2,15,65,3005,-3,1,pass,run,7
2020_DEMO_005,2020,6,9,DEMO,1,6,53,2920,0,1,run,run,11
2020_DEMO_005,2020,6,10,DEMO,1,2,45,2835,-14,1,run,run,-1
2020_DEMO_005,2020,6,11,DEMO,1,5,76,2750,7,2,run,pass,7
2020_DEMO_005,2020,6,12,DEMO,1,5,63,2665,3,2,pass,run,1
2020_DEMO_005,2020,6,13,DEMO,1,7,42,2580,14,2,run,run,-4
2020_DEMO_005,2020,6,14,DEMO,3,10,91,2495,-3,2,run,pass,4
2020_DEMO_005,2020,6,15,DEMO,2,12,91,2410,-14,2,pass,pass,9
2020_DEMO_005,2020,6,16,DEMO,2,2,26,2325,-14,2,pass,pass,0
2020_DEMO_005,2020,6,17,DEMO,1,7,20,2240,-7,2,pass,run,4
2020_DEMO_005,2020,6,18,DEMO,2,10,80,2155,-3,2,run,run,1
2020_DEMO_005,2020,6,19,DEMO,3,7,50,2070,0,2,run,run,17
2020_DEMO_005,2020,6,20,DEMO,2,3,63,1985,-14,2,run,pass,0
2020_DEMO_005,2020,6,21,DEMO,1,3,8,1900,-14,3,pass,run,7
2020_DEMO_005,2020,6,22,DEMO,1,3,53,1815,3,3,run,run,0
2020_DEMO_005,2020,6,23,DEMO,1,10,84,1730,-14,3,run,run,1
2020_DEMO_005,2020,6,24,DEMO,2,10,30,1645,-3,3,run,run,0
2020_DEMO_005,2020,6,25,DEMO,2,5,74,1560,-3,3,run,run,4
2020_DEMO_005,2020,6,26,DEMO,3,7,20,1475,0,3,run,pass,8
2020_DEMO_005,2020,6,27,DEMO,2,1,9,1390,-7,3,pass,run,7
2020_DEMO_005,2020,6,28,DEMO,2,10,60,1305,-7,3,run,pass,3
2020_DEMO_005,2020,6,29,DEMO,3,10,91,1220,0,3,pass,pass,-1
2020_DEMO_005,2020,6,30,DEMO,3,10,12,1135,0,3,pass,pass,4
2020_DEMO_005,2020,6,31,DEMO,1,12,50,1050,14,4,pass,run,4
2020_DEMO_005,2020,6,32,DEMO,1,6,49,965,14,4,run,run,5
2020_DEMO_005,2020,6,33,DEMO,1,12,48,880,0,4,run,pass,3
2020_DEMO_005,2020,6,34,DEMO,2,4,35,795,7,4,pass,pass,0
2020_DEMO_005,2020,6,35,DEMO,2,5,19,710,-3,4,pass,pass,15
2020_DEMO_005,2020,6,36,DEMO,1,12,59,625,3,4,pass,pass,19
2020_DEMO_005,2020,6,37,DEMO,1,6,53,540,3,4,pass,pass,10
2020_DEMO_005,2020,6,38,DEMO,3,2,93,455,7,4,pass,pass,14
2020_DEMO_005,2020,6,39,DEMO,1,5,51,370,0,4,pass,pass,-4
2020_DEMO_005,2020,6,40,DEMO,4,2,73,285,-7,4,pass,pass,0
2020_DEMO_006,2020,7,1,DEMO,4,7,33,3600,3,1,none,run,12
2020_DEMO_006,2020,7,2,DEMO,1,6,39,3515,-14,1,run,run,9
2020_DEMO_006,2020,7,3,DEMO,2,7,31,3430,-3,1,run,run,2
2020_DEMO_006,2020,7,4,DEMO,3,7,89,3345,3,1,run,pass,2
2020_DEMO_006,2020,7,5,DEMO,1,10,63,3260,7,1,pass,run,5
2020_DEMO_006,2020,7,6,DEMO,2,3,78,3175,0,1,run,run,5
2020_DEMO_006,2020,7,7,DEMO,3,15,64,3090,-3,1,run,run,-2
2020_DEMO_006,2020,7,8,DEMO,3,7,77,3005,7,1,run,run,3
2020_DEMO_006,2020,7,9,DEMO,2,6,64,2920,-7,1,run,pass,10
2020_DEMO_006,2020,7,10,DEMO,1,2,86,2835,-7,1,pass,run,-4
2020_DEMO_006,2020,7,11,DEMO,1,5,87,2750,-7,2,run,run,1
2020_DEMO_006,2020,7,12,DEMO,1,4,8,2665,-7,2,run,run,2
2020_DEMO_006,2020,7,13,DEMO,1,10,76,2580,0,2,run,run,7
2020_DEMO_006,2020,7,14,DEMO,1,1,38,2495,14,2,run,run,3
2020_DEMO_006,2020,7,15,DEMO,2,3,87,2410,14,2,run,pass,9
2020_DEMO_006,2020,7,16,DEMO,3,6,82,2325,-3,2,pass,run,3
2020_DEMO_006,2020,7,17,DEMO,3,7,51,2240,7,2,run,run,14
2020_DEMO_006,2020,7,18,DEMO,2,3,35,2155,-14,2,run,run,10
2020_DEMO_006,2020,7,19,DEMO,2,2,71,2070,7,2,run,run,15
2020_DEMO_006,2020,7,20,DEMO,1,2,35,1985,3,2,run,pass,2
2020_DEMO_006,2020,7,21,DEMO,1,10,54,1900,14,3,pass,run,5
2020_DEMO_006,2020,7,22,DEMO,1,3,32,1815,-3,3,run,run,9
2020_DEMO_006,2020,7,23,DEMO,1,10,12,1730,0,3,run,run,4
2020_DEMO_006,2020,7,24,DEMO,2,10,92,1645,-7,3,run,run,2
2020_DEMO_006,2020,7,25,DEMO,3,3,51,1560,0,3,run,run,5
2020_DEMO_006,2020,7,26,DEMO,3,10,9,1475,14,3,run,run,4
2020_DEMO_006,2020,7,27,DEMO,3,1,93,1390,14,3,run,run,4
2020_DEMO_006,2020,7,28,DEMO,2,15,51,1305,14,3,run,run,9
2020_DEMO_006,2020,7,29,DEMO,2,4,61,1220,0,3,run,pass,27
2020_DEMO_006,2020,7,30,DEMO,1,4,43,1135,-7,3,pass,run,0
2020_DEMO_006,2020,7,31,DEMO,1,10,85,1050,-3,4,run,run,5
2020_DEMO_006,2020,7,32,DEMO,1,2,67,965,0,4,run,run,0
2020_DEMO_006,2020,7,33,DEMO,3,6,59,880,14,4,run,pass,0
2020_DEMO_006,2020,7,34,DEMO,1,2,50,795,0,4,pass,run,7
2020_DEMO_006,2020,7,35,DEMO,2,1,11,710,7,4,run,run,-3
2020_DEMO_006,2020,7,36,DEMO,2,12,22,625,-14,4,run,pass,7
2020_DEMO_006,2020,7,37,DEMO,1,10,88,540,14,4,pass,pass,12
2020_DEMO_006,2020,7,38,DEMO,1,6,62,455,0,4,pass,run,6
2020_DEMO_006,2020,7,39,DEMO,2,6,41,370,-7,4,run,pass,13
2020_DEMO_006,2020,7,40,DEMO,1,7,78,285,-7,4,pass,pass,0
2020_DEMO_007,2020,8,1,DEMO,2,10,85,3600,-7,1,none,run,7
2020_DEMO_007,2020,8,2,DEMO,2,3,11,3515,0,1,run,run,4
2020_DEMO_007,2020,8,3,DEMO,2,3,16,3430,-3,1,run,pass,19
2020_DEMO_007,2020,8,4,DEMO,3,10,91,3345,0,1,pass,pass,9
2020_DEMO_007,2020,8,5,DEMO,1,5,41,3260,7,1,pass,run,11
2020_DEMO_007,2020,8,6,DEMO,2,5,91,3175,-7,1,run,run,11
2020_DEMO_007,2020,8,7,DEMO,1,3,8,3090,-3,1,run,run,5
2020_DEMO_007,2020,8,8,DEMO,1,10,92,3005,7,1,run,run,9
2020_DEMO_007,2020,8,9,DEMO,1,3,46,2920,7,1,run,run,5
2020_DEMO_007,2020,8,10,DEMO,2,10,37,2835,-14,1,run,pass,0
2020_DEMO_007,2020,8,11,DEMO,1,4,65,2750,-3,2,pass,run,9
2020_DEMO_007,2020,8,12,DEMO,3,10,95,2665,7,2,run,run,10
2020_DEMO_007,2020,8,13,DEMO,1,7,90,2580,-3,2,run,pass,9
2020_DEMO_007,2020,8,14,DEMO,1,3,38,2495,-7,2,pass,run,13
2020_DEMO_007,2020,8,15,DEMO,1,6,95,2410,3,2,run,run,0
2020_DEMO_007,2020,8,16,DEMO,1,6,10,2325,-7,2,run,run,8
2020_DEMO_007,2020,8,17,DEMO,1,7,41,2240,-3,2,run,run,4
2020_DEMO_007,2020,8,18,DEMO,3,5,71,2155,-3,2,run,run,8
2020_DEMO_007,2020,8,19,DEMO,2,3,76,2070,14,2,run,run,11
2020_DEMO_007,2020,8,20,DEMO,2,10,11,1985,-7,2,run,pass,0
2020_DEMO_007,2020,8,21,DEMO,1,5,25,1900,7,3,pass,run,12
2020_DEMO_007,2020,8,22,DEMO,2,10,50,1815,7,3,run,run,11
2020_DEMO_007,2020,8,23,DEMO,2,2,23,1730,-14,3,run,pass,0
2020_DEMO_007,2020,8,24,DEMO,1,3,70,1645,14,3,pass,run,9
2020_DEMO_007,2020,8,25,DEMO,2,1,72,1560,14,3,run,run,1
2020_DEMO_007,2020,8,26,DEMO,1,2,36,1475,14,3,run,run,8
2020_DEMO_007,2020,8,27,DEMO,1,12,20,1390,0,3,run,pass,13
2020_DEMO_007,2020,8,28,DEMO,1,6,24,1305,-14,3,pass,pass,3
2020_DEMO_007,2020,8,29,DEMO,3,10,89,1220,-14,3,pass,pass,0
2020_DEMO_007,2020,8,30,DEMO,2,10,46,1135,7,3,pass,run,0
2020_DEMO_007,2020,8,31,DEMO,3,10,21,1050,-7,4,run,run,6
2020_DEMO_007,2020,8,32,DEMO,3,15,14,965,3,4,run,run,1
2020_DEMO_007,2020,8,33,DEMO,1,7,37,880,-7,4,run,pass,7
2020_DEMO_007,2020,8,34,DEMO,1,7,56,795,-3,4,pass,run,5
2020_DEMO_007,2020,8,35,DEMO,3,3,20,710,-3,4,run,pass,11
2020_DEMO_007,2020,8,36,DEMO,2,3,50,625,7,4,pass,pass,1
2020_DEMO_007,2020,8,37,DEMO,1,10,54,540,0,4,pass,pass,16
2020_DEMO_007,2020,8,38,DEMO,1,3,60,455,7,4,pass,run,7
2020_DEMO_007,2020,8,39,DEMO,1,6,64,370,7,4,run,pass,14
2020_DEMO_007,2020,8,40,DEMO,2,10,15,285,-3,4,pass,pass,0
2020_DEMO_008,2020,9,1,DEMO,3,5,24,3600,-7,1,none,run,9
2020_DEMO_008,2020,9,2,DEMO,1,4,71,3515,0,1,run,run,6
2020_DEMO_008,2020,9,3,DEMO,1,2,70,3430,0,1,run,run,5
2020_DEMO_008,2020,9,4,DEMO,2,15,77,3345,14,1,run,pass,0
2020_DEMO_008,2020,9,5,DEMO,1,10,7,3260,-14,1,pass,run,-3
2020_DEMO_008,2020,9,6,DEMO,3,1,15,3175,0,1,run,run,6
2020_DEMO_008,2020,9,7,DEMO,1,10,63,3090,14,1,run,run,2
2020_DEMO_008,2020,9,8,DEMO,3,3,32,3005,-7,1,run,pass,4
2020_DEMO_008,2020,9,9,DEMO,1,12,18,2920,0,1,pass,run,7
2020_DEMO_008,2020,9,10,DEMO,1,10,63,2835,7,1,run,run,4
2020_DEMO_008,2020,9,11,DEMO,2,15,82,2750,7,2,run,run,-5
2020_DEMO_008,2020,9,12,DEMO,1,12,93,2665,7,2,run,run,-4
2020_DEMO_008,2020,9,13,DEMO,1,3,22,2580,-14,2,run,pass,7
2020_DEMO_008,2020,9,14,DEMO,1,10,88,2495,-7,2,pass,run,2
2020_DEMO_008,2020,9,15,DEMO,2,12,73,2410,-7,2,run,pass,14
2020_DEMO_008,2020,9,16,DEMO,1,3,94,2325,0,2,pass,run,8
2020_DEMO_008,2020,9,17,DEMO,2,10,79,2240,-7,2,run,pass,10
2020_DEMO_008,2020,9,18,DEMO,1,12,60,2155,0,2,pass,run,3
2020_DEMO_008,2020,9,19,DEMO,2,10,75,2070,-3,2,run,pass,-6
2020_DEMO_008,2020,9,20,DEMO,3,10,34,1985,7,2,pass,pass,0
2020_DEMO_008,2020,9,21,DEMO,2,10,13,1900,-3,3,pass,run,4
2020_DEMO_008,2020,9,22,DEMO,1,10,19,1815,0,3,run,run,1
2020_DEMO_008,2020,9,23,DEMO,2,3,41,1730,7,3,run,pass,1
2020_DEMO_008,2020,9,24,DEMO,1,4,80,1645,7,3,pass,run,-3
2020_DEMO_008,2020,9,25,DEMO,2,3,42,1560,7,3,run,run,-1
2020_DEMO_008,2020,9,26,DEMO,3,12,88,1475,7,3,run,pass,14
2020_DEMO_008,2020,9,27,DEMO,1,15,16,1390,7,3,pass,pass,0
2020_DEMO_008,2020,9,28,DEMO,1,10,17,1305,14,3,pass,pass,8
2020_DEMO_008,2020,9,29,DEMO,1,4,76,1220,-14,3,pass,run,2
2020_DEMO_008,2020,9,30,DEMO,2,3,69,1135,-14,3,run,run,7
2020_DEMO_008,2020,9,31,DEMO,1,2,84,1050,-7,4,run,pass,0
2020_DEMO_008,2020,9,32,DEMO,1,6,50,965,14,4,pass,pass,8
2020_DEMO_008,2020,9,33,DEMO,2,10,82,880,7,4,pass,pass,0
2020_DEMO_008,2020,9,34,DEMO,3,10,19,795,-14,4,pass,pass,14
2020_DEMO_008,2020,9,35,DEMO,3,2,76,710,-14,4,pass,pass,0
2020_DEMO_008,2020,9,36,DEMO,1,4,51,625,-7,4,pass,run,2
2020_DEMO_008,2020,9,37,DEMO,2,2,24,540,7,4,run,run,-3
2020_DEMO_008,2020,9,38,DEMO,3,2,30,455,0,4,run,run,4
2020_DEMO_008,2020,9,39,DEMO,3,10,48,370,-3,4,run,pass,0
2020_DEMO_008,2020,9,40,DEMO,1,7,51,285,7,4,pass,run,4
2020_DEMO_009,2020,10,1,DEMO,1,10,58,3600,14,1,none,run,6
2020_DEMO_009,2020,10,2,DEMO,1,10,71,3515,14,1,run,run,0
2020_DEMO_009,2020,10,3,DEMO,3,10,23,3430,14,1,run,pass,12
2020_DEMO_009,2020,10,4,DEMO,1,3,60,3345,-14,1,pass,run,4
2020_DEMO_009,2020,10,5,DEMO,1,12,24,3260,3,1,run,pass,5
2020_DEMO_009,2020,10,6,DEMO,2,5,58,3175,0,1,pass,run,-2
2020_DEMO_009,2020,10,7,DEMO,2,5,45,3090,-3,1,run,pass,0
2020_DEMO_009,2020,10,8,DEMO,2,3,94,3005,0,1,pass,run,6
2020_DEMO_009,2020,10,9,DEMO,3,12,61,2920,7,1,run,pass,19
2020_DEMO_009,2020,10,10,DEMO,2,4,43,2835,-14,1,pass,pass,6
2020_DEMO_009,2020,10,11,DEMO,1,10,41,2750,-7,2,pass,pass,-6
2020_DEMO_009,2020,10,12,DEMO,2,12,25,2665,-14,2,pass,pass,3
2020_DEMO_009,2020,10,13,DEMO,3,15,59,2580,3,2,pass,pass,0
2020_DEMO_009,2020,10,14,DEMO,1,12,69,2495,-3,2,pass,pass,5
2020_DEMO_009,2020,10,15,DEMO,3,10,43,2410,3,2,pass,run,-8
2020_DEMO_009,2020,10,16,DEMO,3,10,77,2325,7,2,run,run,8
2020_DEMO_009,2020,10,17,DEMO,2,10,81,2240,-7,2,run,pass,0
2020_DEMO_009,2020,10,18,DEMO,3,15,78,2155,7,2,pass,pass,8
2020_DEMO_009,2020,10,19,DEMO,2,4,51,2070,0,2,pass,pass,4
2020_DEMO_009,2020,10,20,DEMO,3,2,16,1985,-14,2,pass,pass,0
2020_DEMO_009,2020,10,21,DEMO,1,2,52,1900,7,3,pass,run,0
2020_DEMO_009,2020,10,22,DEMO,1,5,79,1815,0,3,run,run,1
2020_DEMO_009,2020,10,23,DEMO,4,15,67,1730,7,3,run,run,6
2020_DEMO_009,2020,10,24,DEMO,1,15,63,1645,-7,3,run,run,2
2020_DEMO_009,2020,10,25,DEMO,2,10,20,1560,7,3,run,pass,8
2020_DEMO_009,2020,10,26,DEMO,1,2,82,1475,14,3,pass,run,-7
2020_DEMO_009,2020,10,27,DEMO,1,10,42,1390,-14,3,run,pass,0
2020_DEMO_009,2020,10,28,DEMO,1,6,43,1305,-3,3,pass,run,5
2020_DEMO_009,2020,10,29,DEMO,2,1,44,1220,-3,3,run,run,2
2020_DEMO_009,2020,10,30,DEMO,3,10,5,1135,-14,3,run,pass,0
2020_DEMO_009,2020,10,31,DEMO,1,10,78,1050,-3,4,pass,run,11
2020_DEMO_009,2020,10,32,DEMO,2,15,82,965,-7,4,run,run,0
2020_DEMO_009,2020,10,33,DEMO,2,10,62,880,7,4,run,pass,1
2020_DEMO_009,2020,10,34,DEMO,2,7,54,795,-7,4,pass,run,12
2020_DEMO_009,2020,10,35,DEMO,1,1,90,710,0,4,run,run,-1
2020_DEMO_009,2020,10,36,DEMO,2,10,85,625,14,4,run,run,-3
2020_DEMO_009,2020,10,37,DEMO,1,12,20,540,7,4,run,run,7
2020_DEMO_009,2020,10,38,DEMO,2,1,77,455,3,4,run,pass,20
2020_DEMO_009,2020,10,39,DEMO,3,2,89,370,3,4,pass,pass,0
2020_DEMO_009,2020,10,40,DEMO,3,4,95,285,14,4,pass,run,-3
2020_DEMO_010,2020,11,1,DEMO,2,7,80,3600,-14,1,none,run,7
2020_DEMO_010,2020,11,2,DEMO,3,6,60,3515,-7,1,run,pass,6
2020_DEMO_010,2020,11,3,DEMO,1,2,74,3430,-7,1,pass,run,8
2020_DEMO_010,2020,11,4,DEMO,1,2,24,3345,-3,1,run,run,4
2020_DEMO_010,2020,11,5,DEMO,3,3,8,3260,7,1,run,pass,6
2020_DEMO_010,2020,11,6,DEMO,1,7,46,3175,-3,1,pass,run,5
2020_DEMO_010,2020,11,7,DEMO,1,10,80,3090,-7,1,run,run,2
2020_DEMO_010,2020,11,8,DEMO,3,7,19,3005,-3,1,run,pass,0
2020_DEMO_010,2020,11,9,DEMO,1,4,7,2920,-3,1,pass,run,7
2020_DEMO_010,2020,11,10,DEMO,2,2,36,2835,14,1,run,run,5
2020_DEMO_010,2020,11,11,DEMO,1,2,86,2750,3,2,run,run,1
2020_DEMO_010,2020,11,12,DEMO,3,6,74,2665,-7,2,run,run,0
2020_DEMO_010,2020,11,13,DEMO,3,10,10,2580,-14,2,run,run,3
2020_DEMO_010,2020,11,14,DEMO,3,10,42,2495,7,2,run,run,15
2020_DEMO_010,2020,11,15,DEMO,2,10,37,2410,14,2,run,run,4
2020_DEMO_010,2020,11,16,DEMO,4,12,32,2325,3,2,run,run,4
2020_DEMO_010,2020,11,17,DEMO,2,2,43,2240,-14,2,run,run,7
2020_DEMO_010,2020,11,18,DEMO,1,3,76,2155,-3,2,run,run,6
2020_DEMO_010,2020,11,19,DEMO,3,12,48,2070,7,2,run,pass,19
2020_DEMO_010,2020,11,20,DEMO,2,4,89,1985,-3,2,pass,pass,7
2020_DEMO_010,2020,11,21,DEMO,2,12,5,1900,3,3,pass,pass,8
2020_DEMO_010,2020,11,22,DEMO,2,7,76,1815,7,3,pass,run,5
2020_DEMO_010,2020,11,23,DEMO,3,12,88,1730,-14,3,run,pass,-3
2020_DEMO_010,2020,11,24,DEMO,3,10,91,1645,-14,3,pass,pass,12
2020_DEMO_010,2020,11,25,DEMO,1,15,6,1560,-14,3,pass,pass,1
2020_DEMO_010,2020,11,26,DEMO,2,4,7,1475,14,3,pass,pass,6
2020_DEMO_010,2020,11,27,DEMO,2,5,33,1390,-7,3,pass,run,6
2020_DEMO_010,2020,11,28,DEMO,3,1,40,1305,0,3,run,run,4
2020_DEMO_010,2020,11,29,DEMO,1,12,55,1220,-14,3,run,run,1
2020_DEMO_010,2020,11,30,DEMO,2,10,26,1135,3,3,run,pass,3
2020_DEMO_010,2020,11,31,DEMO,1,10,21,1050,7,4,pass,pass,0
2020_DEMO_010,2020,11,32,DEMO,2,4,71,965,7,4,pass,run,-1
2020_DEMO_010,2020,11,33,DEMO,1,12,7,880,7,4,run,run,-1
2020_DEMO_010,2020,11,34,DEMO,3,1,59,795,7,4,run,run,0
2020_DEMO_010,2020,11,35,DEMO,2,6,60,710,14,4,run,run,3
2020_DEMO_010,2020,11,36,DEMO,2,6,71,625,14,4,run,pass,22
2020_DEMO_010,2020,11,37,DEMO,1,7,73,540,0,4,pass,pass,-1
2020_DEMO_010,2020,11,38,DEMO,3,15,33,455,7,4,pass,pass,0
2020_DEMO_010,2020,11,39,DEMO,1,3,47,370,-3,4,pass,pass,24
2020_DEMO_010,2020,11,40,DEMO,1,7,8,285,3,4,pass,run,12
2020_DEMO_011,2020,12,1,DEMO,1,10,35,3600,-3,1,none,run,1
2020_DEMO_011,2020,12,2,DEMO,3,10,35,3515,-14,1,run,run,-1
2020_DEMO_011,2020,12,3,DEMO,2,10,20,3430,-14,1,run,run,-1
2020_DEMO_011,2020,12,4,DEMO,3,7,45,3345,14,1,run,run,5
2020_DEMO_011,2020,12,5,DEMO,3,1,43,3260,3,1,run,run,3
2020_DEMO_011,2020,12,6,DEMO,1,12,12,3175,3,1,run,pass,-2
2020_DEMO_011,2020,12,7,DEMO,1,10,89,3090,3,1,pass,pass,16
2020_DEMO_011,2020,12,8,DEMO,3,10,84,3005,-14,1,pass,pass,11
2020_DEMO_011,2020,12,9,DEMO,1,4,18,2920,-14,1,pass,pass,-1
2020_DEMO_011,2020,12,10,DEMO,2,4,78,2835,-7,1,pass,run,4
2020_DEMO_011,2020,12,11,DEMO,2,10,28,2750,-7,2,run,pass,0
2020_DEMO_011,2020,12,12,DEMO,1,10,60,2665,3,2,pass,run,9
2020_DEMO_011,2020,12,13,DEMO,3,5,79,2580,3,2,run,run,7
2020_DEMO_011,2020,12,14,DEMO,1,6,6,2495,3,2,run,run,8
2020_DEMO_011,2020,12,15,DEMO,2,1,35,2410,3,2,run,run,3
2020_DEMO_011,2020,12,16,DEMO,1,4,86,2325,-7,2,run,run,4
2020_DEMO_011,2020,12,17,DEMO,1,12,65,2240,7,2,run,run,-3
2020_DEMO_011,2020,12,18,DEMO,3,10,47,2155,3,2,run,pass,11
2020_DEMO_011,2020,12,19,DEMO,1,1,68,2070,-7,2,pass,run,0
2020_DEMO_011,2020,12,20,DEMO,2,4,35,1985,0,2,run,run,-1
2020_DEMO_011,2020,12,21,DEMO,3,6,53,1900,-7,3,run,pass,10
2020_DEMO_011,2020,12,22,DEMO,1,10,19,1815,-7,3,pass,pass,0
2020_DEMO_011,2020,12,23,DEMO,2,6,10,1730,-14,3,pass,pass,0
2020_DEMO_011,2020,12,24,DEMO,1,5,27,1645,-3,3,pass,run,4
2020_DEMO_011,2020,12,25,DEMO,1,4,7,1560,-7,3,run,run,5
2020_DEMO_011,2020,12,26,DEMO,2,7,88,1475,14,3,run,run,4
2020_DEMO_011,2020,12,27,DEMO,1,4,44,1390,0,3,run,pass,-3
2020_DEMO_011,2020,12,28,DEMO,4,10,60,1305,7,3,pass,pass,0
2020_DEMO_011,2020,12,29,DEMO,3,4,29,1220,3,3,pass,pass,-10
2020_DEMO_011,2020,12,30,DEMO,2,12,36,1135,-14,3,pass,pass,13
2020_DEMO_011,2020,12,31,DEMO,1,4,11,1050,7,4,pass,run,1
2020_DEMO_011,2020,12,32,DEMO,3,10,79,965,0,4,run,pass,0
2020_DEMO_011,2020,12,33,DEMO,2,12,83,880,-14,4,pass,pass,20
2020_DEMO_011,2020,12,34,DEMO,1,10,64,795,-7,4,pass,pass,-2
2020_DEMO_011,2020,12,35,DEMO,2,15,68,710,0,4,pass,pass,19
2020_DEMO_011,2020,12,36,DEMO,1,4,30,625,0,4,pass,run,2
2020_DEMO_011,2020,12,37,DEMO,1,5,59,540,0,4,run,run,8
2020_DEMO_011,2020,12,38,DEMO,2,3,15,455,-3,4,run,run,3
2020_DEMO_011,2020,12,39,DEMO,1,10,10,370,0,4,run,pass,-1
2020_DEMO_011,2020,12,40,DEMO,1,10,45,285,-3,4,pass,pass,0
2021_DEMO_000,2021,1,1,DEMO,1,12,14,3600,-3,1,none,run,6
2021_DEMO_000,2021,1,2,DEMO,1,10,70,3515,3,1,run,run,7
2021_DEMO_000,2021,1,3,DEMO,1,2,51,3430,-14,1,run,run,-6
2021_DEMO_000,2021,1,4,DEMO,1,12,47,3345,-3,1,run,pass,6
2021_DEMO_000,2021,1,5,DEMO,2,3,74,3260,-3,1,pass,pass,0
2021_DEMO_000,2021,1,6,DEMO,3,7,56,3175,14,1,pass,run,1
2021_DEMO_000,2021,1,7,DEMO,2,10,88,3090,3,1,run,run,13
2021_DEMO_000,2021,1,8,DEMO,1,15,31,3005,0,1,run,pass,3
2021_DEMO_000,2021,1,9,DEMO,2,10,64,2920,-3,1,pass,run,3
2021_DEMO_000,2021,1,10,DEMO,3,15,58,2835,-7,1,run,pass,14
2021_DEMO_000,2021,1,11,DEMO,1,3,78,2750,14,2,pass,pass,25
2021_DEMO_000,2021,1,12,DEMO,3,6,33,2665,0,2,pass,pass,9
2021_DEMO_000,2021,1,13,DEMO,3,15,73,2580,-3,2,pass,pass,0
2021_DEMO_000,2021,1,14,DEMO,3,3,24,2495,-3,2,pass,run,7
2021_DEMO_000,2021,1,15,DEMO,2,7,53,2410,-7,2,run,run,-5
2021_DEMO_000,2021,1,16,DEMO,1,7,29,2325,0,2,run,pass,-10
2021_DEMO_000,2021,1,17,DEMO,1,2,91,2240,3,2,pass,run,7
2021_DEMO_000,2021,1,18,DEMO,3,10,67,2155,-14,2,run,pass,0
2021_DEMO_000,2021,1,19,DEMO,3,5,31,2070,-7,2,pass,pass,0
2021_DEMO_000,2021,1,20,DEMO,1,6,57,1985,0,2,pass,pass,0
2021_DEMO_000,2021,1,21,DEMO,2,10,13,1900,0,3,pass,run,6
2021_DEMO_000,2021,1,22,DEMO,3,3,31,1815,-3,3,run,pass,-4
2021_DEMO_000,2021,1,23,DEMO,3,10,30,1730,3,3,pass,pass,10
2021_DEMO_000,2021,1,24,DEMO,1,3,62,1645,-14,3,pass,run,2
2021_DEMO_000,2021,1,25,DEMO,1,10,67,1560,0,3,run,run,2
2021_DEMO_000,2021,1,26,DEMO,1,2,41,1475,7,3,run,run,-2
2021_DEMO_000,2021,1,27,DEMO,2,5,55,1390,3,3,run,run,6
2021_DEMO_000,2021,1,28,DEMO,3,7,36,1305,-7,3,run,run,4
2021_DEMO_000,2021,1,29,DEMO,3,3,94,1220,3,3,run,pass,-1
2021_DEMO_000,2021,1,30,DEMO,1,3,40,1135,7,3,pass,run,4
2021_DEMO_000,2021,1,31,DEMO,2,4,68,1050,0,4,run,run,3
2021_DEMO_000,2021,1,32,DEMO,2,6,14,965,14,4,run,pass,4
2021_DEMO_000,2021,1,33,DEMO,1,10,10,880,0,4,pass,pass,17
2021_DEMO_000,2021,1,34,DEMO,2,10,53,795,-3,4,pass,run,7
2021_DEMO_000,2021,1,35,DEMO,1,2,95,710,-7,4,run,run,1
2021_DEMO_000,2021,1,36,DEMO,3,10,64,625,-14,4,run,pass,6
2021_DEMO_000,2021,1,37,DEMO,2,5,25,540,-7,4,pass,run,0
2021_DEMO_000,2021,1,38,DEMO,2,3,42,455,-14,4,run,run,3
2021_DEMO_000,2021,1,39,DEMO,3,12,39,370,-7,4,run,pass,0
2021_DEMO_000,2021,1,40,DEMO,2,12,73,285,-7,4,pass,pass,0
2021_DEMO_001,2021,2,1,DEMO,2,10,87,3600,7,1,none,run,6
2021_DEMO_001,2021,2,2,DEMO,3,7,93,3515,-3,1,run,run,3
2021_DEMO_001,2021,2,3,DEMO,1,4,36,3430,-3,1,run,run,4
2021_DEMO_001,2021,2,4,DEMO,1,1,58,3345,-14,1,run,run,3
2021_DEMO_001,2021,2,5,DEMO,2,4,17,3260,14,1,run,run,7
2021_DEMO_001,2021,2,6,DEMO,2,15,26,3175,-14,1,run,pass,0
2021_DEMO_001,2021,2,7,DEMO,1,10,85,3090,-7,1,pass,run,9
2021_DEMO_001,2021,2,8,DEMO,2,4,32,3005,-14,1,run,run,3
2021_DEMO_001,2021,2,9,DEMO,1,7,88,2920,-3,1,run,pass,0
2021_DEMO_001,2021,2,10,DEMO,1,12,40,2835,7,1,pass,run,14
2021_DEMO_001,2021,2,11,DEMO,1,10,68,2750,-14,2,run,run,7
2021_DEMO_001,2021,2,12,DEMO,3,10,26,2665,-3,2,run,run,-6
2021_DEMO_001,2021,2,13,DEMO,2,12,93,2580,-7,2,run,pass,-6
2021_DEMO_001,2021,2,14,DEMO,3,6,90,2495,0,2,pass,pass,0
2021_DEMO_001,2021,2,15,DEMO,3,10,53,2410,3,2,pass,run,5
2021_DEMO_001,2021,2,16,DEMO,4,4,7,2325,3,2,run,run,10
2021_DEMO_001,2021,2,17,DEMO,1,4,59,2240,14,2,run,run,7
2021_DEMO_001,2021,2,18,DEMO,2,4,24,2155,0,2,run,pass,0
2021_DEMO_001,2021,2,19,DEMO,3,10,61,2070,7,2,pass,run,6
2021_DEMO_001,2021,2,20,DEMO,1,6,87,1985,14,2,run,run,-8
2021_DEMO_001,2021,2,21,DEMO,2,5,8,1900,-7,3,run,run,3
2021_DEMO_001,2021,2,22,DEMO,1,4,31,1815,3,3,run,pass,25
2021_DEMO_001,2021,2,23,DEMO,2,4,82,1730,14,3,pass,run,4
2021_DEMO_001,2021,2,24,DEMO,1,10,85,1645,-14,3,run,pass,11
2021_DEMO_001,2021,2,25,DEMO,4,4,21,1560,-14,3,pass,pass,8
2021_DEMO_001,2021,2,26,DEMO,3,4,35,1475,3,3,pass,pass,3
2021_DEMO_001,2021,2,27,DEMO,1,3,82,1390,-7,3,pass,pass,22
2021_DEMO_001,2021,2,28,DEMO,3,4,39,1305,14,3,pass,run,15
2021_DEMO_001,2021,2,29,DEMO,1,3,65,1220,0,3,run,run,10
2021_DEMO_001,2021,2,30,DEMO,2,7,24,1135,14,3,run,run,-3
2021_DEMO_001,2021,2,31,DEMO,2,2,43,1050,3,4,run,run,5
2021_DEMO_001,2021,2,32,DEMO,2,3,37,965,0,4,run,run,0
2021_DEMO_001,2021,2,33,DEMO,2,2,47,880,-7,4,run,run,6
2021_DEMO_001,2021,2,34,DEMO,1,4,5,795,-14,4,run,run,4
2021_DEMO_001,2021,2,35,DEMO,1,7,55,710,7,4,run,run,0
2021_DEMO_001,2021,2,36,DEMO,2,12,80,625,-14,4,run,pass,0
2021_DEMO_001,2021,2,37,DEMO,3,7,77,540,-7,4,pass,pass,8
2021_DEMO_001,2021,2,38,DEMO,2,10,95,455,0,4,pass,pass,28
2021_DEMO_001,2021,2,39,DEMO,1,7,59,370,7,4,pass,pass,16
2021_DEMO_001,2021,2,40,DEMO,2,1,94,285,7,4,pass,run,2
2021_DEMO_002,2021,3,1,DEMO,1,10,92,3600,-7,1,none,pass,25
2021_DEMO_002,2021,3,2,DEMO,1,2,87,3515,7,1,pass,run,2
2021_DEMO_002,2021,3,3,DEMO,1,10,15,3430,3,1,run,run,6
2021_DEMO_002,2021,3,4,DEMO,2,15,43,3345,3,1,run,run,2
2021_DEMO_002,2021,3,5,DEMO,2,7,80,3260,-3,1,run,run,5
2021_DEMO_002,2021,3,6,DEMO,3,2,86,3175,3,1,run,run,-6
2021_DEMO_002,2021,3,7,DEMO,1,3,39,3090,7,1,run,run,4
2021_DEMO_002,2021,3,8,DEMO,1,3,67,3005,-14,1,run,pass,-5
2021_DEMO_002,2021,3,9,DEMO,1,7,88,2920,-3,1,pass,run,7
2021_DEMO_002,2021,3,10,DEMO,2,4,67,2835,-7,1,run,run,8
2021_DEMO_002,2021,3,11,DEMO,1,10,32,2750,-7,2,run,pass,11
2021_DEMO_002,2021,3,12,DEMO,4,7,61,2665,7,2,pass,run,2
2021_DEMO_002,2021,3,13,DEMO,1,12,26,2580,-14,2,run,pass,7
2021_DEMO_002,2021,3,14,DEMO,2,10,67,2495,7,2,pass,run,9
2021_DEMO_002,2021,3,15,DEMO,1,5,5,2410,7,2,run,run,6
2021_DEMO_002,2021,3,16,DEMO,2,1,53,2325,3,2,run,run,4
2021_DEMO_002,2021,3,17,DEMO,3,5,67,2240,0,2,run,run,1
2021_DEMO_002,2021,3,18,DEMO,2,6,45,2155,14,2,run,pass,4
2021_DEMO_002,2021,3,19,DEMO,1,10,12,2070,-3,2,pass,run,5
2021_DEMO_002,2021,3,20,DEMO,3,7,22,1985,-14,2,run,pass,8
2021_DEMO_002,2021,3,21,DEMO,1,15,36,1900,-3,3,pass,pass,16
2021_DEMO_002,2021,3,22,DEMO,2,1,86,1815,14,3,pass,run,0
2021_DEMO_002,2021,3,23,DEMO,2,1,46,1730,7,3,run,run,1
2021_DEMO_002,2021,3,24,DEMO,2,2,49,1645,0,3,run,run,2
2021_DEMO_002,2021,3,25,DEMO,3,10,89,1560,14,3,run,run,8
2021_DEMO_002,2021,3,26,DEMO,2,15,23,1475,14,3,run,pass,14
2021_DEMO_002,2021,3,27,DEMO,3,10,9,1390,-7,3,pass,pass,0
2021_DEMO_002,2021,3,28,DEMO,3,10,64,1305,-7,3,pass,run,9
2021_DEMO_002,2021,3,29,DEMO,2,4,32,1220,-7,3,run,run,3
2021_DEMO_002,2021,3,30,DEMO,2,2,18,1135,0,3,run,run,15
2021_DEMO_002,2021,3,31,DEMO,1,7,40,1050,-7,4,run,run,6
2021_DEMO_002,2021,3,32,DEMO,2,12,20,965,7,4,run,pass,8
2021_DEMO_002,2021,3,33,DEMO,2,4,78,880,14,4,pass,run,2
2021_DEMO_002,2021,3,34,DEMO,1,6,53,795,7,4,run,run,3
2021_DEMO_002,2021,3,35,DEMO,3,7,34,710,-7,4,run,pass,0
2021_DEMO_002,2021,3,36,DEMO,1,6,80,625,-7,4,pass,run,-2
2021_DEMO_002,2021,3,37,DEMO,1,6,21,540,14,4,run,run,-1
2021_DEMO_002,2021,3,38,DEMO,1,10,73,455,-7,4,run,run,10
2021_DEMO_002,2021,3,39,DEMO,4,6,51,370,14,4,run,run,6
2021_DEMO_002,2021,3,40,DEMO,2,4,18,285,0,4,run,pass,-2
2021_DEMO_003,2021,4,1,DEMO,1,5,33,3600,0,1,none,run,7
2021_DEMO_003,2021,4,2,DEMO,3,15,9,3515,3,1,run,pass,14
2021_DEMO_003,2021,4,3,DEMO,2,5,95,3430,3,1,pass,run,7
2021_DEMO_003,2021,4,4,DEMO,2,7,12,3345,14,1,run,run,0
2021_DEMO_003,2021,4,5,DEMO,3,4,33,3260,7,1,run,run,11
2021_DEMO_003,2021,4,6,DEMO,3,15,55,3175,-3,1,run,run,1
2021_DEMO_003,2021,4,7,DEMO,2,3,7,3090,3,1,run,run,0
2021_DEMO_003,2021,4,8,DEMO,1,7,55,3005,-14,1,run,run,7
2021_DEMO_003,2021,4,9,DEMO,1,15,29,2920,7,1,run,run,2
2021_DEMO_003,2021,4,10,DEMO,3,10,11,2835,14,1,run,run,6
2021_DEMO_003,2021,4,11,DEMO,1,12,25,2750,3,2,run,pass,7
2021_DEMO_003,2021,4,12,DEMO,1,15,30,2665,7,2,pass,run,7
2021_DEMO_003,2021,4,13,DEMO,1,10,18,2580,7,2,run,run,7
2021_DEMO_003,2021,4,14,DEMO,4,12,26,2495,-14,2,run,pass,2
2021_DEMO_003,2021,4,15,DEMO,1,1,20,2410,3,2,pass,run,-6
2021_DEMO_003,2021,4,16,DEMO,2,7,36,2325,-14,2,run,pass,-5
2021_DEMO_003,2021,4,17,DEMO,1,10,27,2240,7,2,pass,run,7
2021_DEMO_003,2021,4,18,DEMO,2,2,64,2155,14,2,run,run,-10
2021_DEMO_003,2021,4,19,DEMO,1,12,88,2070,0,2,run,run,6
2021_DEMO_003,2021,4,20,DEMO,2,12,70,1985,-7,2,run,pass,11
2021_DEMO_003,2021,4,21,DEMO,2,5,93,1900,7,3,pass,pass,-12
2021_DEMO_003,2021,4,22,DEMO,2,5,78,1815,-7,3,pass,pass,0
2021_DEMO_003,2021,4,23,DEMO,3,10,28,1730,0,3,pass,run,18
2021_DEMO_003,2021,4,24,DEMO,1,10,73,1645,14,3,run,run,-1
2021_DEMO_003,2021,4,25,DEMO,2,15,88,1560,-14,3,run,run,5
2021_DEMO_003,2021,4,26,DEMO,1,12,20,1475,-7,3,run,run,4
2021_DEMO_003,2021,4,27,DEMO,2,6,20,1390,-14,3,run,pass,0
2021_DEMO_003,2021,4,28,DEMO,1,10,37,1305,14,3,pass,run,4
2021_DEMO_003,2021,4,29,DEMO,1,2,69,1220,-3,3,run,run,0
2021_DEMO_003,2021,4,30,DEMO,3,1,36,1135,-3,3,run,pass,6
2021_DEMO_003,2021,4,31,DEMO,3,5,89,1050,3,4,pass,pass,5
2021_DEMO_003,2021,4,32,DEMO,4,6,82,965,3,4,pass,pass,-2
2021_DEMO_003,2021,4,33,DEMO,2,1,35,880,-14,4,pass,pass,0
2021_DEMO_003,2021,4,34,DEMO,3,3,82,795,3,4,pass,pass,17
2021_DEMO_003,2021,4,35,DEMO,1,5,38,710,0,4,pass,run,9
2021_DEMO_003,2021,4,36,DEMO,1,10,15,625,-3,4,run,run,7
2021_DEMO_003,2021,4,37,DEMO,1,12,39,540,7,4,run,run,3
2021_DEMO_003,2021,4,38,DEMO,1,6,77,455,7,4,run,run,2
2021_DEMO_003,2021,4,39,DEMO,3,6,60,370,0,4,run,pass,8
2021_DEMO_003,2021,4,40,DEMO,1,2,73,285,-14,4,pass,run,1
2021_DEMO_004,2021,5,1,DEMO,1,6,39,3600,-7,1,none,run,7
2021_DEMO_004,2021,5,2,DEMO,1,1,17,3515,0,1,run,run,6
2021_DEMO_004,2021,5,3,DEMO,3,2,27,3430,3,1,run,run,16
2021_DEMO_004,2021,5,4,DEMO,1,10,17,3345,3,1,run,run,1
2021_DEMO_004,2021,5,5,DEMO,1,2,11,3260,-7,1,run,run,3
2021_DEMO_004,2021,5,6,DEMO,3,3,49,3175,14,1,run,run,10
2021_DEMO_004,2021,5,7,DEMO,2,7,66,3090,3,1,run,pass,0
2021_DEMO_004,2021,5,8,DEMO,2,3,89,3005,-7,1,pass,pass,6
2021_DEMO_004,2021,5,9,DEMO,1,15,86,2920,-3,1,pass,run,4
2021_DEMO_004,2021,5,10,DEMO,2,3,61,2835,-3,1,run,run,11
2021_DEMO_004,2021,5,11,DEMO,2,5,59,2750,3,2,run,run,11
2021_DEMO_004,2021,5,12,DEMO,1,2,44,2665,0,2,run,run,-1
2021_DEMO_004,2021,5,13,DEMO,3,12,15,2580,-14,2,run,pass,10
2021_DEMO_004,2021,5,14,DEMO,3,10,68,2495,14,2,pass,run,6
2021_DEMO_004,2021,5,15,DEMO,3,7,91,2410,3,2,run,run,8
2021_DEMO_004,2021,5,16,DEMO,2,12,73,2325,7,2,run,pass,0
2021_DEMO_004,2021,5,17,DEMO,1,15,5,2240,7,2,pass,pass,16
2021_DEMO_004,2021,5,18,DEMO,1,15,89,2155,14,2,pass,run,11
2021_DEMO_004,2021,5,19,DEMO,1,10,26,2070,7,2,run,run,2
2021_DEMO_004,2021,5,20,DEMO,3,4,27,1985,-14,2,run,pass,0
2021_DEMO_004,2021,5,21,DEMO,1,1,59,1900,0,3,pass,run,3
2021_DEMO_004,2021,5,22,DEMO,3,4,74,1815,14,3,run,run,6
2021_DEMO_004,2021,5,23,DEMO,1,5,66,1730,-3,3,run,pass,0
2021_DEMO_004,2021,5,24,DEMO,2,7,32,1645,-3,3,pass,run,10
2021_DEMO_004,2021,5,25,DEMO,3,10,84,1560,14,3,run,run,3
2021_DEMO_004,2021,5,26,DEMO,1,10,63,1475,-3,3,run,pass,0
2021_DEMO_004,2021,5,27,DEMO,1,15,28,1390,0,3,pass,pass,0
2021_DEMO_004,2021,5,28,DEMO,2,2,72,1305,3,3,pass,run,-4
2021_DEMO_004,2021,5,29,DEMO,1,12,37,1220,-7,3,run,pass,19
2021_DEMO_004,2021,5,30,DEMO,1,3,73,1135,14,3,pass,run,11
2021_DEMO_004,2021,5,31,DEMO,2,3,50,1050,7,4,run,run,4
2021_DEMO_004,2021,5,32,DEMO,1,15,30,965,-14,4,run,pass,0
2021_DEMO_004,2021,5,33,DEMO,1,15,47,880,-14,4,pass,pass,0
2021_DEMO_004,2021,5,34,DEMO,2,12,39,795,-14,4,pass,pass,13
2021_DEMO_004,2021,5,35,DEMO,1,7,69,710,7,4,pass,run,-3
2021_DEMO_004,2021,5,36,DEMO,3,7,21,625,-14,4,run,run,5
2021_DEMO_004,2021,5,37,DEMO,1,1,92,540,-7,4,run,pass,4
2021_DEMO_004,2021,5,38,DEMO,2,10,6,455,0,4,pass,pass,0
2021_DEMO_004,2021,5,39,DEMO,1,7,36,370,3,4,pass,pass,9
2021_DEMO_004,2021,5,40,DEMO,3,15,36,285,7,4,pass,run,12
2021_DEMO_005,2021,6,1,DEMO,1,15,18,3600,7,1,none,run,2
2021_DEMO_005,2021,6,2,DEMO,3,12,86,3515,-7,1,run,pass,0
2021_DEMO_005,2021,6,3,DEMO,1,4,23,3430,0,1,pass,pass,0
2021_DEMO_005,2021,6,4,DEMO,3,7,57,3345,3,1,pass,pass,5
2021_DEMO_005,2021,6,5,DEMO,1,6,59,3260,0,1,pass,pass,13
2021_DEMO_005,2021,6,6,DEMO,1,6,58,3175,-7,1,pass,pass,0
2021_DEMO_005,2021,6,7,DEMO,1,1,89,3090,7,1,pass,run,5
2021_DEMO_005,2021,6,8,DEMO,1,5,82,3005,-14,1,run,run,4
2021_DEMO_005,2021,6,9,DEMO,1,2,17,2920,7,1,run,pass,19
2021_DEMO_005,2021,6,10,DEMO,3,6,51,2835,7,1,pass,run,4
2021_DEMO_005,2021,6,11,DEMO,2,4,88,2750,-3,2,run,pass,-3
2021_DEMO_005,2021,6,12,DEMO,3,3,85,2665,7,2,pass,run,16
2021_DEMO_005,2021,6,13,DEMO,3,4,29,2580,7,2,run,run,7
2021_DEMO_005,2021,6,14,DEMO,1,10,84,2495,-3,2,run,pass,9
2021_DEMO_005,2021,6,15,DEMO,1,3,29,2410,0,2,pass,run,-1
2021_DEMO_005,2021,6,16,DEMO,1,10,49,2325,-3,2,run,run,2
2021_DEMO_005,2021,6,17,DEMO,1,7,72,2240,3,2,run,run,-6
2021_DEMO_005,2021,6,18,DEMO,1,5,94,2155,-7,2,run,run,6
2021_DEMO_005,2021,6,19,DEMO,4,4,55,2070,0,2,run,run,4
2021_DEMO_005,2021,6,20,DEMO,3,2,26,1985,0,2,run,run,-2
2021_DEMO_005,2021,6,21,DEMO,1,5,31,1900,-7,3,run,pass,19
2021_DEMO_005,2021,6,22,DEMO,2,1,70,1815,0,3,pass,run,4
2021_DEMO_005,2021,6,23,DEMO,3,5,95,1730,-3,3,run,run,1
2021_DEMO_005,2021,6,24,DEMO,1,1,73,1645,-7,3,run,run,-3
2021_DEMO_005,2021,6,25,DEMO,1,3,39,1560,14,3,run,run,-4
2021_DEMO_005,2021,6,26,DEMO,2,4,31,1475,3,3,run,pass,-8
2021_DEMO_005,2021,6,27,DEMO,1,15,75,1390,-3,3,pass,run,-5
2021_DEMO_005,2021,6,28,DEMO,1,10,42,1305,-3,3,run,run,4
2021_DEMO_005,2021,6,29,DEMO,1,15,40,1220,-7,3,run,pass,0
2021_DEMO_005,2021,6,30,DEMO,2,10,18,1135,7,3,pass,run,4
2021_DEMO_005,2021,6,31,DEMO,1,12,37,1050,14,4,run,run,2
2021_DEMO_005,2021,6,32,DEMO,2,6,39,965,-7,4,run,run,2
2021_DEMO_005,2021,6,33,DEMO,3,7,24,880,0,4,run,pass,-5
2021_DEMO_005,2021,6,34,DEMO,1,3,63,795,-7,4,pass,run,12
2021_DEMO_005,2021,6,35,DEMO,1,10,67,710,7,4,run,pass,0
2021_DEMO_005,2021,6,36,DEMO,1,3,55,625,7,4,pass,run,6
2021_DEMO_005,2021,6,37,DEMO,1,12,56,540,-14,4,run,run,5
2021_DEMO_005,2021,6,38,DEMO,1,1,82,455,-14,4,run,run,13
2021_DEMO_005,2021,6,39,DEMO,3,12,10,370,-7,4,run,pass,0
2021_DEMO_005,2021,6,40,DEMO,1,12,81,285,-14,4,pass,run,6
2021_DEMO_006,2021,7,1,DEMO,1,2,74,3600,7,1,none,run,6
2021_DEMO_006,2021,7,2,DEMO,1,10,61,3515,14,1,run,pass,5
2021_DEMO_006,2021,7,3,DEMO,1,1,74,3430,7,1,pass,run,3
2021_DEMO_006,2021,7,4,DEMO,1,10,42,3345,-14,1,run,run,4
2021_DEMO_006,2021,7,5,DEMO,3,3,5,3260,-7,1,run,pass,16
2021_DEMO_006,2021,7,6,DEMO,1,12,54,3175,7,1,pass,run,10
2021_DEMO_006,2021,7,7,DEMO,3,2,67,3090,-7,1,run,run,6
2021_DEMO_006,2021,7,8,DEMO,1,2,83,3005,-3,1,run,run,16
2021_DEMO_006,2021,7,9,DEMO,3,2,10,2920,3,1,run,pass,6
2021_DEMO_006,2021,7,10,DEMO,2,12,92,2835,-3,1,pass,run,7
2021_DEMO_006,2021,7,11,DEMO,1,2,39,2750,0,2,run,run,12
2021_DEMO_006,2021,7,12,DEMO,2,2,5,2665,14,2,run,run,1
2021_DEMO_006,2021,7,13,DEMO,1,12,23,2580,-3,2,run,pass,16
2021_DEMO_006,2021,7,14,DEMO,3,2,78,2495,0,2,pass,run,-8
2021_DEMO_006,2021,7,15,DEMO,1,2,46,2410,-7,2,run,run,1
2021_DEMO_006,2021,7,16,DEMO,2,15,57,2325,3,2,run,run,7
2021_DEMO_006,2021,7,17,DEMO,1,12,36,2240,0,2,run,run,-1
2021_DEMO_006,2021,7,18,DEMO,2,4,54,2155,-14,2,run,run,5
2021_DEMO_006,2021,7,19,DEMO,2,10,93,2070,14,2,run,run,3
2021_DEMO_006,2021,7,20,DEMO,1,1,51,1985,3,2,run,run,1
2021_DEMO_006,2021,7,21,DEMO,1,2,12,1900,-3,3,run,run,9
2021_DEMO_006,2021,7,22,DEMO,1,10,23,1815,14,3,run,run,-2
2021_DEMO_006,2021,7,23,DEMO,4,7,36,1730,-7,3,run,run,7
2021_DEMO_006,2021,7,24,DEMO,3,15,23,1645,0,3,run,run,5
2021_DEMO_006,2021,7,25,DEMO,2,7,52,1560,-14,3,run,run,3
2021_DEMO_006,2021,7,26,DEMO,3,3,8,1475,-7,3,run,pass,0
2021_DEMO_006,2021,7,27,DEMO,1,10,58,1390,-7,3,pass,run,3
2021_DEMO_006,2021,7,28,DEMO,2,3,72,1305,7,3,run,run,-3
2021_DEMO_006,2021,7,29,DEMO,2,12,93,1220,-14,3,run,pass,0
2021_DEMO_006,2021,7,30,DEMO,3,1,82,1135,14,3,pass,pass,0
2021_DEMO_006,2021,7,31,DEMO,1,7,92,1050,0,4,pass,run,6
2021_DEMO_006,2021,7,32,DEMO,3,10,69,965,-3,4,run,run,2
2021_DEMO_006,2021,7,33,DEMO,4,10,53,880,-7,4,run,pass,11
2021_DEMO_006,2021,7,34,DEMO,1,7,28,795,14,4,pass,run,-4
2021_DEMO_006,2021,7,35,DEMO,3,10,66,710,-3,4,run,pass,2
2021_DEMO_006,2021,7,36,DEMO,1,1,52,625,7,4,pass,run,4
2021_DEMO_006,2021,7,37,DEMO,1,6,8,540,-7,4,run,pass,13
2021_DEMO_006,2021,7,38,DEMO,1,10,6,455,14,4,pass,run,6
2021_DEMO_006,2021,7,39,DEMO,3,4,39,370,-14,4,run,run,7
2021_DEMO_006,2021,7,40,DEMO,2,10,66,285,-14,4,run,pass,0
2021_DEMO_007,2021,8,1,DEMO,1,6,41,3600,0,1,none,run,3
2021_DEMO_007,2021,8,2,DEMO,1,3,94,3515,7,1,run,run,9
2021_DEMO_007,2021,8,3,DEMO,1,15,69,3430,-14,1,run,run,5
2021_DEMO_007,2021,8,4,DEMO,3,10,80,3345,14,1,run,run,3
2021_DEMO_007,2021,8,5,DEMO,1,3,92,3260,0,1,run,pass,15
2021_DEMO_007,2021,8,6,DEMO,1,12,88,3175,-7,1,pass,run,3
2021_DEMO_007,2021,8,7,DEMO,1,10,71,3090,7,1,run,run,-3
2021_DEMO_007,2021,8,8,DEMO,2,3,48,3005,-3,1,run,run,3
2021_DEMO_007,2021,8,9,DEMO,3,7,10,2920,7,1,run,run,2
2021_DEMO_007,2021,8,10,DEMO,2,2,24,2835,3,1,run,run,6
2021_DEMO_007,2021,8,11,DEMO,2,1,23,2750,14,2,run,run,-7
2021_DEMO_007,2021,8,12,DEMO,3,2,68,2665,-14,2,run,run,1
2021_DEMO_007,2021,8,13,DEMO,1,5,25,2580,-14,2,run,pass,13
2021_DEMO_007,2021,8,14,DEMO,3,5,65,2495,-3,2,pass,run,6
2021_DEMO_007,2021,8,15,DEMO,2,3,20,2410,3,2,run,run,2
2021_DEMO_007,2021,8,16,DEMO,1,10,92,2325,-7,2,run,run,7
2021_DEMO_007,2021,8,17,DEMO,2,10,45,2240,-3,2,run,pass,-9
2021_DEMO_007,2021,8,18,DEMO,4,1,84,2155,7,2,pass,pass,14
2021_DEMO_007,2021,8,19,DEMO,2,10,6,2070,-7,2,pass,run,4
2021_DEMO_007,2021,8,20,DEMO,1,2,33,1985,0,2,run,run,7
2021_DEMO_007,2021,8,21,DEMO,2,6,64,1900,0,3,run,run,9
2021_DEMO_007,2021,8,22,DEMO,1,15,18,1815,0,3,run,run,1
2021_DEMO_007,2021,8,23,DEMO,1,6,13,1730,-3,3,run,pass,12
2021_DEMO_007,2021,8,24,DEMO,1,10,9,1645,3,3,pass,pass,23
2021_DEMO_007,2021,8,25,DEMO,2,6,77,1560,-14,3,pass,run,5
2021_DEMO_007,2021,8,26,DEMO,3,7,65,1475,-7,3,run,pass,5
2021_DEMO_007,2021,8,27,DEMO,3,12,59,1390,-3,3,pass,pass,0
2021_DEMO_007,2021,8,28,DEMO,1,5,56,1305,-14,3,pass,pass,16
2021_DEMO_007,2021,8,29,DEMO,2,5,28,1220,14,3,pass,pass,1
2021_DEMO_007,2021,8,30,DEMO,2,5,26,1135,-7,3,pass,pass,-5
2021_DEMO_007,2021,8,31,DEMO,1,15,60,1050,-3,4,pass,run,5
2021_DEMO_007,2021,8,32,DEMO,2,1,76,965,14,4,run,run,7
2021_DEMO_007,2021,8,33,DEMO,2,3,46,880,7,4,run,run,11
2021_DEMO_007,2021,8,34,DEMO,3,15,45,795,-14,4,run,pass,19
2021_DEMO_007,2021,8,35,DEMO,1,12,57,710,-3,4,pass,pass,0
2021_DEMO_007,2021,8,36,DEMO,2,3,86,625,0,4,pass,run,12
2021_DEMO_007,2021,8,37,DEMO,2,1,32,540,7,4,run,run,-1
2021_DEMO_007,2021,8,38,DEMO,1,7,32,455,-3,4,run,pass,0
2021_DEMO_007,2021,8,39,DEMO,2,1,52,370,14,4,pass,run,7
2021_DEMO_007,2021,8,40,DEMO,1,5,69,285,14,4,run,run,2
2021_DEMO_008,2021,9,1,DEMO,2,7,50,3600,-3,1,none,run,-2
2021_DEMO_008,2021,9,2,DEMO,2,6,19,3515,-7,1,run,run,0
2021_DEMO_008,2021,9,3,DEMO,1,7,53,3430,-3,1,run,run,9
2021_DEMO_008,2021,9,4,DEMO,2,7,86,3345,-3,1,run,run,14
2021_DEMO_008,2021,9,5,DEMO,1,2,18,3260,-14,1,run,run,1
2021_DEMO_008,2021,9,6,DEMO,2,7,18,3175,0,1,run,run,0
2021_DEMO_008,2021,9,7,DEMO,2,10,79,3090,14,1,run,pass,0
2021_DEMO_008,2021,9,8,DEMO,2,4,63,3005,3,1,pass,run,0
2021_DEMO_008,2021,9,9,DEMO,1,10,20,2920,-3,1,run,run,8
2021_DEMO_008,2021,9,10,DEMO,3,15,55,2835,-14,1,run,run,2
2021_DEMO_008,2021,9,11,DEMO,3,10,41,2750,-3,2,run,run,4
2021_DEMO_008,2021,9,12,DEMO,3,7,91,2665,-7,2,run,pass,26
2021_DEMO_008,2021,9,13,DEMO,1,1,24,2580,14,2,pass,run,8
2021_DEMO_008,2021,9,14,DEMO,2,6,26,2495,3,2,run,run,-3
2021_DEMO_008,2021,9,15,DEMO,1,7,29,2410,3,2,run,run,8
2021_DEMO_008,2021,9,16,DEMO,2,3,86,2325,0,2,run,run,-3
2021_DEMO_008,2021,9,17,DEMO,1,6,71,2240,-7,2,run,run,11
2021_DEMO_008,2021,9,18,DEMO,2,12,78,2155,14,2,run,run,9
2021_DEMO_008,2021,9,19,DEMO,3,5,75,2070,-7,2,run,run,5
2021_DEMO_008,2021,9,20,DEMO,2,12,80,1985,-7,2,run,pass,12
2021_DEMO_008,2021,9,21,DEMO,3,2,78,1900,0,3,pass,pass,21
2021_DEMO_008,2021,9,22,DEMO,3,3,35,1815,7,3,pass,run,4
2021_DEMO_008,2021,9,23,DEMO,1,10,36,1730,7,3,run,run,6
2021_DEMO_008,2021,9,24,DEMO,2,5,15,1645,-7,3,run,run,-3
2021_DEMO_008,2021,9,25,DEMO,2,10,18,1560,-14,3,run,pass,14
2021_DEMO_008,2021,9,26,DEMO,3,2,14,1475,0,3,pass,run,7
2021_DEMO_008,2021,9,27,DEMO,3,4,55,1390,-14,3,run,pass,0
2021_DEMO_008,2021,9,28,DEMO,1,12,14,1305,-7,3,pass,run,2
2021_DEMO_008,2021,9,29,DEMO,3,3,28,1220,-3,3,run,pass,0
2021_DEMO_008,2021,9,30,DEMO,2,10,9,1135,-14,3,pass,run,7
2021_DEMO_008,2021,9,31,DEMO,4,10,83,1050,3,4,run,pass,0
2021_DEMO_008,2021,9,32,DEMO,3,2,29,965,3,4,pass,pass,0
2021_DEMO_008,2021,9,33,DEMO,2,3,32,880,14,4,pass,run,5
2021_DEMO_008,2021,9,34,DEMO,1,2,93,795,-7,4,run,run,4
2021_DEMO_008,2021,9,35,DEMO,2,2,49,710,7,4,run,run,2
2021_DEMO_008,2021,9,36,DEMO,2,10,56,625,-7,4,run,pass,0
2021_DEMO_008,2021,9,37,DEMO,3,15,40,540,0,4,pass,pass,23
2021_DEMO_008,2021,9,38,DEMO,2,3,31,455,7,4,pass,run,8
2021_DEMO_008,2021,9,39,DEMO,3,6,84,370,-14,4,run,pass,2
2021_DEMO_008,2021,9,40,DEMO,2,6,85,285,14,4,pass,pass,0
2021_DEMO_009,2021,10,1,DEMO,1,10,37,3600,3,1,none,run,-3
2021_DEMO_009,2021,10,2,DEMO,3,10,50,3515,0,1,run,pass,0
2021_DEMO_009,2021,10,3,DEMO,1,3,50,3430,-7,1,pass,pass,-3
2021_DEMO_009,2021,10,4,DEMO,1,6,20,3345,-14,1,pass,pass,0
2021_DEMO_009,2021,10,5,DEMO,1,10,77,3260,14,1,pass,run,5
2021_DEMO_009,2021,10,6,DEMO,1,4,72,3175,-7,1,run,pass,0
2021_DEMO_009,2021,10,7,DEMO,2,12,14,3090,3,1,pass,run,6
2021_DEMO_009,2021,10,8,DEMO,2,7,45,3005,14,1,run,run,7
2021_DEMO_009,2021,10,9,DEMO,2,5,58,2920,-14,1,run,pass,0
2021_DEMO_009,2021,10,10,DEMO,1,7,35,2835,3,1,pass,pass,0
2021_DEMO_009,2021,10,11,DEMO,3,10,5,2750,0,2,pass,pass,24
2021_DEMO_009,2021,10,12,DEMO,1,10,72,2665,-14,2,pass,pass,0
2021_DEMO_009,2021,10,13,DEMO,2,7,43,2580,-3,2,pass,pass,22
2021_DEMO_009,2021,10,14,DEMO,2,1,55,2495,-3,2,pass,run,8
2021_DEMO_009,2021,10,15,DEMO,2,12,20,2410,14,2,run,pass,11
2021_DEMO_009,2021,10,16,DEMO,1,2,46,2325,14,2,pass,run,5
2021_DEMO_009,2021,10,17,DEMO,2,3,16,2240,-7,2,run,run,8
2021_DEMO_009,2021,10,18,DEMO,2,1,93,2155,14,2,run,pass,-7
2021_DEMO_009,2021,10,19,DEMO,1,1,43,2070,-14,2,pass,run,1
2021_DEMO_009,2021,10,20,DEMO,1,15,26,1985,-7,2,run,run,-3
2021_DEMO_009,2021,10,21,DEMO,1,6,23,1900,14,3,run,run,10
2021_DEMO_009,2021,10,22,DEMO,2,12,20,1815,3,3,run,pass,-7
2021_DEMO_009,2021,10,23,DEMO,2,5,46,1730,14,3,pass,run,5
2021_DEMO_009,2021,10,24,DEMO,1,2,50,1645,3,3,run,run,8
2021_DEMO_009,2021,10,25,DEMO,1,12,31,1560,7,3,run,pass,10
2021_DEMO_009,2021,10,26,DEMO,1,7,29,1475,0,3,pass,pass,0
2021_DEMO_009,2021,10,27,DEMO,2,10,70,1390,14,3,pass,pass,9
2021_DEMO_009,2021,10,28,DEMO,2,12,24,1305,14,3,pass,pass,10
2021_DEMO_009,2021,10,29,DEMO,4,10,70,1220,-7,3,pass,pass,0
2021_DEMO_009,2021,10,30,DEMO,1,3,92,1135,-3,3,pass,run,9
2021_DEMO_009,2021,10,31,DEMO,2,2,23,1050,0,4,run,run,4
2021_DEMO_009,2021,10,32,DEMO,3,3,39,965,-14,4,run,pass,2
2021_DEMO_009,2021,10,33,DEMO,1,2,75,880,-14,4,pass,pass,0
2021_DEMO_009,2021,10,34,DEMO,1,7,70,795,-3,4,pass,pass,0
2021_DEMO_009,2021,10,35,DEMO,1,12,53,710,7,4,pass,run,5
2021_DEMO_009,2021,10,36,DEMO,1,5,72,625,3,4,run,run,7
2021_DEMO_009,2021,10,37,DEMO,2,12,11,540,7,4,run,pass,0
2021_DEMO_009,2021,10,38,DEMO,1,1,78,455,-3,4,pass,run,1
2021_DEMO_009,2021,10,39,DEMO,3,15,56,370,0,4,run,pass,0
2021_DEMO_009,2021,10,40,DEMO,3,15,39,285,0,4,pass,pass,7
2021_DEMO_010,2021,11,1,DEMO,1,5,95,3600,3,1,none,run,7
2021_DEMO_010,2021,11,2,DEMO,3,10,66,3515,7,1,run,pass,9
2021_DEMO_010,2021,11,3,DEMO,1,6,92,3430,-14,1,pass,pass,-12
2021_DEMO_010,2021,11,4,DEMO,2,7,47,3345,-14,1,pass,pass,0
2021_DEMO_010,2021,11,5,DEMO,1,12,6,3260,3,1,pass,pass,15
2021_DEMO_010,2021,11,6,DEMO,1,4,65,3175,-14,1,pass,pass,0
2021_DEMO_010,2021,11,7,DEMO,2,5,34,3090,3,1,pass,run,5
2021_DEMO_010,2021,11,8,DEMO,1,15,47,3005,0,1,run,run,-4
2021_DEMO_010,2021,11,9,DEMO,1,10,37,2920,7,1,run,run,4
2021_DEMO_010,2021,11,10,DEMO,1,15,47,2835,3,1,run,run,5
2021_DEMO_010,2021,11,11,DEMO,3,10,66,2750,-14,2,run,pass,5
2021_DEMO_010,2021,11,12,DEMO,1,4,89,2665,-7,2,pass,run,2
2021_DEMO_010,2021,11,13,DEMO,1,10,94,2580,0,2,run,run,4
2021_DEMO_010,2021,11,14,DEMO,3,12,18,2495,-3,2,run,run,1
2021_DEMO_010,2021,11,15,DEMO,2,10,72,2410,-7,2,run,pass,15
2021_DEMO_010,2021,11,16,DEMO,1,5,44,2325,-7,2,pass,pass,3
2021_DEMO_010,2021,11,17,DEMO,1,10,20,2240,0,2,pass,run,-3
2021_DEMO_010,2021,11,18,DEMO,1,2,6,2155,0,2,run,run,1
2021_DEMO_010,2021,11,19,DEMO,1,12,24,2070,3,2,run,run,0
2021_DEMO_010,2021,11,20,DEMO,1,5,13,1985,14,2,run,run,0
2021_DEMO_010,2021,11,21,DEMO,2,4,41,1900,14,3,run,run,8
2021_DEMO_010,2021,11,22,DEMO,2,12,5,1815,-14,3,run,pass,11
2021_DEMO_010,2021,11,23,DEMO,1,10,90,1730,14,3,pass,run,11
2021_DEMO_010,2021,11,24,DEMO,1,15,30,1645,0,3,run,run,2
2021_DEMO_010,2021,11,25,DEMO,1,4,9,1560,0,3,run,run,4
2021_DEMO_010,2021,11,26,DEMO,1,7,17,1475,-3,3,run,run,11
2021_DEMO_010,2021,11,27,DEMO,2,3,77,1390,0,3,run,run,2
2021_DEMO_010,2021,11,28,DEMO,2,4,37,1305,-7,3,run,pass,0
2021_DEMO_010,2021,11,29,DEMO,1,5,77,1220,7,3,pass,run,10
2021_DEMO_010,2021,11,30,DEMO,1,7,17,1135,-7,3,run,run,3
2021_DEMO_010,2021,11,31,DEMO,2,6,64,1050,-3,4,run,pass,-2
2021_DEMO_010,2021,11,32,DEMO,1,1,76,965,-14,4,pass,run,-2
2021_DEMO_010,2021,11,33,DEMO,2,5,36,880,3,4,run,run,8
2021_DEMO_010,2021,11,34,DEMO,1,10,77,795,-3,4,run,pass,18
2021_DEMO_010,2021,11,35,DEMO,2,10,63,710,14,4,pass,pass,0
2021_DEMO_010,2021,11,36,DEMO,3,12,18,625,-3,4,pass,pass,18
2021_DEMO_010,2021,11,37,DEMO,2,15,47,540,14,4,pass,pass,2
2021_DEMO_010,2021,11,38,DEMO,1,4,71,455,-7,4,pass,run,-2
2021_DEMO_010,2021,11,39,DEMO,3,3,33,370,7,4,run,run,8
2021_DEMO_010,2021,11,40,DEMO,2,1,67,285,3,4,run,run,10
2021_DEMO_011,2021,12,1,DEMO,1,1,24,3600,3,1,none,run,1
2021_DEMO_011,2021,12,2,DEMO,1,1,69,3515,0,1,run,run,4
2021_DEMO_011,2021,12,3,DEMO,3,5,56,3430,0,1,run,run,8
2021_DEMO_011,2021,12,4,DEMO,2,10,92,3345,0,1,run,run,-4
2021_DEMO_011,2021,12,5,DEMO,2,7,23,3260,7,1,run,pass,0
2021_DEMO_011,2021,12,6,DEMO,3,4,26,3175,3,1,pass,run,-1
2021_DEMO_011,2021,12,7,DEMO,1,12,17,3090,3,1,run,run,3
2021_DEMO_011,2021,12,8,DEMO,2,7,54,3005,7,1,run,run,-4
2021_DEMO_011,2021,12,9,DEMO,1,5,63,2920,-14,1,run,run,6
2021_DEMO_011,2021,12,10,DEMO,1,5,9,2835,7,1,run,run,2
2021_DEMO_011,2021,12,11,DEMO,3,6,22,2750,0,2,run,run,0
2021_DEMO_011,2021,12,12,DEMO,2,1,25,2665,-3,2,run,run,6
2021_DEMO_011,2021,12,13,DEMO,3,10,54,2580,3,2,run,pass,4
2021_DEMO_011,2021,12,14,DEMO,1,15,77,2495,-3,2,pass,pass,19
2021_DEMO_011,2021,12,15,DEMO,2,7,13,2410,14,2,pass,run,11
2021_DEMO_011,2021,12,16,DEMO,1,10,82,2325,7,2,run,pass,-5
2021_DEMO_011,2021,12,17,DEMO,1,15,46,2240,3,2,pass,run,4
2021_DEMO_011,2021,12,18,DEMO,1,10,56,2155,-14,2,run,pass,11
2021_DEMO_011,2021,12,19,DEMO,1,12,65,2070,-3,2,pass,run,6
2021_DEMO_011,2021,12,20,DEMO,4,15,35,1985,-14,2,run,run,9
2021_DEMO_011,2021,12,21,DEMO,3,7,13,1900,-14,3,run,pass,0
2021_DEMO_011,2021,12,22,DEMO,3,2,61,1815,14,3,pass,run,13
2021_DEMO_011,2021,12,23,DEMO,2,1,27,1730,-3,3,run,pass,17
2021_DEMO_011,2021,12,24,DEMO,2,4,37,1645,0,3,pass,pass,0
2021_DEMO_011,2021,12,25,DEMO,1,3,60,1560,14,3,pass,run,9
2021_DEMO_011,2021,12,26,DEMO,3,2,79,1475,-14,3,run,run,3
2021_DEMO_011,2021,12,27,DEMO,3,1,51,1390,14,3,run,run,2
2021_DEMO_011,2021,12,28,DEMO,2,2,48,1305,-7,3,run,run,12
2021_DEMO_011,2021,12,29,DEMO,2,4,31,1220,3,3,run,run,2
2021_DEMO_011,2021,12,30,DEMO,2,6,84,1135,3,3,run,run,6
2021_DEMO_011,2021,12,31,DEMO,2,2,77,1050,-14,4,run,pass,-1
2021_DEMO_011,2021,12,32,DEMO,1,10,34,965,-14,4,pass,pass,12
2021_DEMO_011,2021,12,33,DEMO,3,5,54,880,7,4,pass,pass,30
2021_DEMO_011,2021,12,34,DEMO,1,5,14,795,3,4,pass,run,11
2021_DEMO_011,2021,12,35,DEMO,2,7,84,710,-14,4,run,pass,-8
2021_DEMO_011,2021,12,36,DEMO,2,5,88,625,-14,4,pass,pass,14
2021_DEMO_011,2021,12,37,DEMO,1,4,75,540,14,4,pass,run,14
2021_DEMO_011,2021,12,38,DEMO,3,12,12,455,-7,4,run,pass,-3
2021_DEMO_011,2021,12,39,DEMO,3,1,49,370,-14,4,pass,run,2
2021_DEMO_011,2021,12,40,DEMO,2,10,15,285,3,4,run,pass,0
2022_DEMO_000,2022,1,1,DEMO,2,2,9,3600,0,1,none,run,2
2022_DEMO_000,2022,1,2,DEMO,1,4,7,3515,-14,1,run,pass,1
2022_DEMO_000,2022,1,3,DEMO,1,10,53,3430,7,1,pass,run,10
2022_DEMO_000,2022,1,4,DEMO,1,7,94,3345,-7,1,run,run,5
2022_DEMO_000,2022,1,5,DEMO,2,3,19,3260,0,1,run,pass,15
2022_DEMO_000,2022,1,6,DEMO,1,1,35,3175,-7,1,pass,pass,0
2022_DEMO_000,2022,1,7,DEMO,1,10,77,3090,-14,1,pass,run,2
2022_DEMO_000,2022,1,8,DEMO,1,15,36,3005,14,1,run,pass,0
2022_DEMO_000,2022,1,9,DEMO,2,5,10,2920,-3,1,pass,pass,9
2022_DEMO_000,2022,1,10,DEMO,2,10,89,2835,-14,1,pass,run,8
2022_DEMO_000,2022,1,11,DEMO,1,10,31,2750,0,2,run,run,8
2022_DEMO_000,2022,1,12,DEMO,3,10,43,2665,-3,2,run,run,-5
2022_DEMO_000,2022,1,13,DEMO,1,12,36,2580,3,2,run,run,2
2022_DEMO_000,2022,1,14,DEMO,1,6,57,2495,7,2,run,run,10
2022_DEMO_000,2022,1,15,DEMO,2,2,31,2410,-7,2,run,run,1
2022_DEMO_000,2022,1,16,DEMO,2,2,52,2325,7,2,run,run,4
2022_DEMO_000,2022,1,17,DEMO,1,4,94,2240,0,2,run,run,2
2022_DEMO_000,2022,1,18,DEMO,2,1,39,2155,-3,2,run,run,5
2022_DEMO_000,2022,1,19,DEMO,1,2,12,2070,-3,2,run,run,4
2022_DEMO_000,2022,1,20,DEMO,1,10,10,1985,-7,2,run,pass,0
2022_DEMO_000,2022,1,21,DEMO,2,1,89,1900,-3,3,pass,pass,10
2022_DEMO_000,2022,1,22,DEMO,3,10,48,1815,14,3,pass,run,7
2022_DEMO_000,2022,1,23,DEMO,3,6,84,1730,0,3,run,run,-1
2022_DEMO_000,2022,1,24,DEMO,3,15,12,1645,14,3,run,pass,6
2022_DEMO_000,2022,1,25,DEMO,3,10,64,1560,0,3,pass,pass,-5
2022_DEMO_000,2022,1,26,DEMO,2,3,53,1475,0,3,pass,run,7
2022_DEMO_000,2022,1,27,DEMO,1,12,40,1390,-14,3,run,run,3
2022_DEMO_000,2022,1,28,DEMO,3,5,48,1305,3,3,run,pass,0
2022_DEMO_000,2022,1,29,DEMO,3,10,6,1220,-14,3,pass,pass,19
2022_DEMO_000,2022,1,30,DEMO,3,3,61,1135,0,3,pass,pass,0
2022_DEMO_000,2022,1,31,DEMO,1,6,66,1050,7,4,pass,run,5
2022_DEMO_000,2022,1,32,DEMO,3,5,83,965,3,4,run,pass,0
2022_DEMO_000,2022,1,33,DEMO,1,5,38,880,14,4,pass,run,6
2022_DEMO_000,2022,1,34,DEMO,1,3,23,795,14,4,run,run,7
2022_DEMO_000,2022,1,35,DEMO,1,12,69,710,14,4,run,run,5
2022_DEMO_000,2022,1,36,DEMO,1,10,34,625,-14,4,run,run,17
2022_DEMO_000,2022,1,37,DEMO,1,6,74,540,7,4,run,pass,0
2022_DEMO_000,2022,1,38,DEMO,1,10,61,455,-14,4,pass,pass,0
2022_DEMO_000,2022,1,39,DEMO,1,6,92,370,0,4,pass,pass,7
2022_DEMO_000,2022,1,40,DEMO,1,1,46,285,3,4,pass,run,2
2022_DEMO_001,2022,2,1,DEMO,2,10,42,3600,3,1,none,pass,16
2022_DEMO_001,2022,2,2,DEMO,1,3,80,3515,-14,1,pass,pass,0
2022_DEMO_001,2022,2,3,DEMO,1,15,70,3430,14,1,pass,run,3
2022_DEMO_001,2022,2,4,DEMO,3,1,89,3345,7,1,run,run,7
2022_DEMO_001,2022,2,5,DEMO,3,12,15,3260,-14,1,run,run,10
2022_DEMO_001,2022,2,6,DEMO,4,12,75,3175,7,1,run,pass,8
2022_DEMO_001,2022,2,7,DEMO,3,10,11,3090,3,1,pass,pass,2
2022_DEMO_001,2022,2,8,DEMO,3,5,36,3005,-3,1,pass,pass,11
2022_DEMO_001,2022,2,9,DEMO,1,10,45,2920,7,1,pass,run,3
2022_DEMO_001,2022,2,10,DEMO,3,7,51,2835,-14,1,run,pass,-1
2022_DEMO_001,2022,2,11,DEMO,3,12,66,2750,3,2,pass,pass,11
2022_DEMO_001,2022,2,12,DEMO,4,10,36,2665,14,2,pass,run,13
2022_DEMO_001,2022,2,13,DEMO,2,12,22,2580,3,2,run,pass,0
2022_DEMO_001,2022,2,14,DEMO,1,2,57,2495,0,2,pass,run,8
2022_DEMO_001,2022,2,15,DEMO,3,4,28,2410,0,2,run,pass,0
2022_DEMO_001,2022,2,16,DEMO,1,10,65,2325,7,2,pass,pass,17
2022_DEMO_001,2022,2,17,DEMO,3,1,93,2240,-7,2,pass,run,11
2022_DEMO_001,2022,2,18,DEMO,3,7,50,2155,-7,2,run,pass,22
2022_DEMO_001,2022,2,19,DEMO,2,2,48,2070,14,2,pass,run,-1
2022_DEMO_001,2022,2,20,DEMO,4,1,14,1985,7,2,run,run,1
2022_DEMO_001,2022,2,21,DEMO,3,7,85,1900,0,3,run,run,-3
2022_DEMO_001,2022,2,22,DEMO,2,15,28,1815,7,3,run,run,7
2022_DEMO_001,2022,2,23,DEMO,3,10,15,1730,-7,3,run,run,1
2022_DEMO_001,2022,2,24,DEMO,2,7,46,1645,0,3,run,pass,4
2022_DEMO_001,2022,2,25,DEMO,1,2,34,1560,-3,3,pass,run,10
2022_DEMO_001,2022,2,26,DEMO,2,10,59,1475,-3,3,run,pass,0
2022_DEMO_001,2022,2,27,DEMO,1,3,10,1390,14,3,pass,run,6
2022_DEMO_001,2022,2,28,DEMO,3,15,31,1305,0,3,run,pass,5
2022_DEMO_001,2022,2,29,DEMO,1,2,41,1220,-3,3,pass,run,3
2022_DEMO_001,2022,2,30,DEMO,1,3,41,1135,-3,3,run,run,5
2022_DEMO_001,2022,2,31,DEMO,2,3,17,1050,-7,4,run,run,-6
2022_DEMO_001,2022,2,32,DEMO,2,3,8,965,3,4,run,run,10
2022_DEMO_001,2022,2,33,DEMO,3,1,67,880,14,4,run,run,3
2022_DEMO_001,2022,2,34,DEMO,1,5,78,795,0,4,run,run,-4
2022_DEMO_001,2022,2,35,DEMO,1,2,95,710,14,4,run,run,3
2022_DEMO_001,2022,2,36,DEMO,3,10,38,625,-14,4,run,run,12
2022_DEMO_001,2022,2,37,DEMO,1,6,15,540,7,4,run,run,4
2022_DEMO_001,2022,2,38,DEMO,2,6,25,455,3,4,run,pass,7
2022_DEMO_001,2022,2,39,DEMO,1,15,45,370,-14,4,pass,pass,-5
2022_DEMO_001,2022,2,40,DEMO,3,6,29,285,14,4,pass,pass,-7
2022_DEMO_002,2022,3,1,DEMO,2,4,22,3600,3,1,none,run,-4
2022_DEMO_002,2022,3,2,DEMO,3,12,30,3515,-3,1,run,pass,13
2022_DEMO_002,2022,3,3,DEMO,1,12,16,3430,3,1,pass,run,9
2022_DEMO_002,2022,3,4,DEMO,3,1,60,3345,-14,1,run,run,-1
2022_DEMO_002,2022,3,5,DEMO,1,15,38,3260,3,1,run,run,0
2022_DEMO_002,2022,3,6,DEMO,2,12,49,3175,0,1,run,run,13
2022_DEMO_002,2022,3,7,DEMO,3,5,90,3090,0,1,run,run,2
2022_DEMO_002,2022,3,8,DEMO,2,10,50,3005,3,1,run,run,6
2022_DEMO_002,2022,3,9,DEMO,3,5,58,2920,0,1,run,pass,11
2022_DEMO_002,2022,3,10,DEMO,1,10,45,2835,7,1,pass,pass,4
2022_DEMO_002,2022,3,11,DEMO,2,10,81,2750,0,2,pass,run,-3
2022_DEMO_002,2022,3,12,DEMO,1,5,69,2665,-7,2,run,run,5
2022_DEMO_002,2022,3,13,DEMO,3,5,91,2580,-3,2,run,run,3
2022_DEMO_002,2022,3,14,DEMO,3,7,56,2495,-3,2,run,run,4
2022_DEMO_002,2022,3,15,DEMO,1,1,44,2410,0,2,run,run,12
2022_DEMO_002,2022,3,16,DEMO,2,3,73,2325,-7,2,run,run,14
2022_DEMO_002,2022,3,17,DEMO,2,3,82,2240,3,2,run,pass,24
2022_DEMO_002,2022,3,18,DEMO,3,2,95,2155,-3,2,pass,run,5
2022_DEMO_002,2022,3,19,DEMO,2,10,31,2070,-3,2,run,run,-1
2022_DEMO_002,2022,3,20,DEMO,4,10,55,1985,14,2,run,run,4
2022_DEMO_002,2022,3,21,DEMO,1,7,32,1900,3,3,run,run,7
2022_DEMO_002,2022,3,22,DEMO,3,1,7,1815,14,3,run,run,8
2022_DEMO_002,2022,3,23,DEMO,2,3,41,1730,-3,3,run,pass,14
2022_DEMO_002,2022,3,24,DEMO,2,1,39,1645,7,3,pass,pass,6
2022_DEMO_002,2022,3,25,DEMO,3,5,15,1560,-14,3,pass,pass,5
2022_DEMO_002,2022,3,26,DEMO,3,7,7,1475,-14,3,pass,pass,12
2022_DEMO_002,2022,3,27,DEMO,2,7,29,1390,14,3,pass,run,3
2022_DEMO_002,2022,3,28,DEMO,1,6,59,1305,3,3,run,run,3
2022_DEMO_002,2022,3,29,DEMO,1,12,78,1220,0,3,run,pass,18
2022_DEMO_002,2022,3,30,DEMO,1,7,76,1135,-3,3,pass,run,9
2022_DEMO_002,2022,3,31,DEMO,1,1,68,1050,7,4,run,run,1
2022_DEMO_002,2022,3,32,DEMO,1,10,18,965,0,4,run,pass,3
2022_DEMO_002,2022,3,33,DEMO,1,10,18,880,7,4,pass,pass,0
2022_DEMO_002,2022,3,34,DEMO,2,2,17,795,3,4,pass,pass,12
2022_DEMO_002,2022,3,35,DEMO,2,4,15,710,-7,4,pass,pass,-9
2022_DEMO_002,2022,3,36,DEMO,3,1,68,625,-3,4,pass,pass,6
2022_DEMO_002,2022,3,37,DEMO,3,1,46,540,7,4,pass,run,4
2022_DEMO_002,2022,3,38,DEMO,2,10,67,455,3,4,run,pass,9
2022_DEMO_002,2022,3,39,DEMO,1,10,95,370,0,4,pass,pass,12
2022_DEMO_002,2022,3,40,DEMO,1,15,14,285,0,4,pass,pass,0
2022_DEMO_003,2022,4,1,DEMO,2,2,26,3600,-7,1,none,run,4
2022_DEMO_003,2022,4,2,DEMO,4,1,59,3515,0,1,run,pass,-6
2022_DEMO_003,2022,4,3,DEMO,2,7,6,3430,-3,1,pass,pass,10
2022_DEMO_003,2022,4,4,DEMO,2,12,39,3345,3,1,pass,pass,4
2022_DEMO_003,2022,4,5,DEMO,1,12,31,3260,14,1,pass,run,3
2022_DEMO_003,2022,4,6,DEMO,2,10,82,3175,-3,1,run,run,5
2022_DEMO_003,2022,4,7,DEMO,3,3,26,3090,3,1,run,run,8
2022_DEMO_003,2022,4,8,DEMO,2,6,58,3005,-7,1,run,pass,0
2022_DEMO_003,2022,4,9,DEMO,4,5,94,2920,-7,1,pass,pass,0
2022_DEMO_003,2022,4,10,DEMO,2,2,12,2835,3,1,pass,run,7
2022_DEMO_003,2022,4,11,DEMO,2,4,49,2750,7,2,run,pass,0
2022_DEMO_003,2022,4,12,DEMO,1,7,79,2665,7,2,pass,run,8
2022_DEMO_003,2022,4,13,DEMO,2,7,37,2580,3,2,run,run,3
2022_DEMO_003,2022,4,14,DEMO,1,15,32,2495,-3,2,run,pass,5
2022_DEMO_003,2022,4,15,DEMO,1,10,80,2410,7,2,pass,run,1
2022_DEMO_003,2022,4,16,DEMO,2,5,83,2325,7,2,run,run,11
2022_DEMO_003,2022,4,17,DEMO,1,1,34,2240,-7,2,run,pass,12
2022_DEMO_003,2022,4,18,DEMO,3,6,14,2155,-14,2,pass,pass,13
2022_DEMO_003,2022,4,19,DEMO,2,10,46,2070,-3,2,pass,pass,0
2022_DEMO_003,2022,4,20,DEMO,2,7,54,1985,7,2,pass,run,2
2022_DEMO_003,2022,4,21,DEMO,2,10,32,1900,-7,3,run,run,10
2022_DEMO_003,2022,4,22,DEMO,3,15,23,1815,14,3,run,pass,6
2022_DEMO_003,2022,4,23,DEMO,1,7,88,1730,-3,3,pass,pass,2
2022_DEMO_003,2022,4,24,DEMO,3,12,49,1645,7,3,pass,pass,23
2022_DEMO_003,2022,4,25,DEMO,1,6,27,1560,7,3,pass,run,-3
2022_DEMO_003,2022,4,26,DEMO,1,6,72,1475,-7,3,run,pass,0
2022_DEMO_003,2022,4,27,DEMO,1,6,37,1390,3,3,pass,run,3
2022_DEMO_003,2022,4,28,DEMO,1,10,55,1305,-14,3,run,run,4
2022_DEMO_003,2022,4,29,DEMO,2,5,85,1220,-14,3,run,run,8
2022_DEMO_003,2022,4,30,DEMO,3,10,85,1135,0,3,run,pass,-8
2022_DEMO_003,2022,4,31,DEMO,3,10,18,1050,-14,4,pass,pass,5
2022_DEMO_003,2022,4,32,DEMO,1,3,15,965,0,4,pass,run,-3
2022_DEMO_003,2022,4,33,DEMO,1,10,86,880,7,4,run,pass,0
2022_DEMO_003,2022,4,34,DEMO,2,4,88,795,3,4,pass,run,1
2022_DEMO_003,2022,4,35,DEMO,3,15,26,710,3,4,run,pass,20
2022_DEMO_003,2022,4,36,DEMO,1,12,56,625,0,4,pass,run,4
2022_DEMO_003,2022,4,37,DEMO,3,10,23,540,7,4,run,pass,0
2022_DEMO_003,2022,4,38,DEMO,1,10,30,455,7,4,pass,pass,0
2022_DEMO_003,2022,4,39,DEMO,3,1,44,370,-3,4,pass,run,3
2022_DEMO_003,2022,4,40,DEMO,1,10,77,285,14,4,run,run,0
2022_DEMO_004,2022,5,1,DEMO,1,2,28,3600,7,1,none,pass,0
2022_DEMO_004,2022,5,2,DEMO,2,1,26,3515,14,1,pass,pass,4
2022_DEMO_004,2022,5,3,DEMO,2,15,36,3430,-3,1,pass,run,-2
2022_DEMO_004,2022,5,4,DEMO,1,15,21,3345,-3,1,run,pass,-7
2022_DEMO_004,2022,5,5,DEMO,1,3,77,3260,-3,1,pass,run,6
2022_DEMO_004,2022,5,6,DEMO,1,5,38,3175,7,1,run,run,1
2022_DEMO_004,2022,5,7,DEMO,1,6,79,3090,-3,1,run,run,1
2022_DEMO_004,2022,5,8,DEMO,2,3,9,3005,14,1,run,run,0
2022_DEMO_004,2022,5,9,DEMO,1,10,31,2920,7,1,run,run,0
2022_DEMO_004,2022,5,10,DEMO,1,6,94,2835,3,1,run,run,-1
2022_DEMO_004,2022,5,11,DEMO,3,5,16,2750,3,2,run,run,4
2022_DEMO_004,2022,5,12,DEMO,1,2,71,2665,7,2,run,run,10
2022_DEMO_004,2022,5,13,DEMO,2,10,80,2580,-3,2,run,pass,6
2022_DEMO_004,2022,5,14,DEMO,2,12,50,2495,14,2,pass,run,4
2022_DEMO_004,2022,5,15,DEMO,1,10,47,2410,-3,2,run,run,13
2022_DEMO_004,2022,5,16,DEMO,1,10,74,2325,-7,2,run,run,10
2022_DEMO_004,2022,5,17,DEMO,2,10,63,2240,3,2,run,run,0
2022_DEMO_004,2022,5,18,DEMO,3,5,52,2155,3,2,run,pass,12
2022_DEMO_004,2022,5,19,DEMO,1,4,69,2070,-14,2,pass,run,6
2022_DEMO_004,2022,5,20,DEMO,1,1,25,1985,3,2,run,run,-7
2022_DEMO_004,2022,5,21,DEMO,1,10,94,1900,3,3,run,pass,9
2022_DEMO_004,2022,5,22,DEMO,1,1,16,1815,-3,3,pass,run,2
2022_DEMO_004,2022,5,23,DEMO,1,6,63,1730,0,3,run,pass,0
2022_DEMO_004,2022,5,24,DEMO,1,3,43,1645,-3,3,pass,pass,0
2022_DEMO_004,2022,5,25,DEMO,1,2,36,1560,-7,3,pass,run,7
2022_DEMO_004,2022,5,26,DEMO,2,6,17,1475,0,3,run,run,1
2022_DEMO_004,2022,5,27,DEMO,1,4,65,1390,7,3,run,run,1
2022_DEMO_004,2022,5,28,DEMO,3,7,21,1305,-3,3,run,run,5
2022_DEMO_004,2022,5,29,DEMO,1,6,41,1220,14,3,run,run,9
2022_DEMO_004,2022,5,30,DEMO,2,6,67,1135,7,3,run,run,0
2022_DEMO_004,2022,5,31,DEMO,2,4,82,1050,-7,4,run,run,2
2022_DEMO_004,2022,5,32,DEMO,3,10,81,965,14,4,run,pass,0
2022_DEMO_004,2022,5,33,DEMO,1,10,29,880,-14,4,pass,pass,15
2022_DEMO_004,2022,5,34,DEMO,1,12,28,795,0,4,pass,pass,0
2022_DEMO_004,2022,5,35,DEMO,2,10,9,710,-3,4,pass,run,2
2022_DEMO_004,2022,5,36,DEMO,2,2,64,625,14,4,run,pass,11
2022_DEMO_004,2022,5,37,DEMO,1,7,6,540,-7,4,pass,pass,1
2022_DEMO_004,2022,5,38,DEMO,2,12,56,455,0,4,pass,run,8
2022_DEMO_004,2022,5,39,DEMO,1,5,86,370,-14,4,run,run,6
2022_DEMO_004,2022,5,40,DEMO,1,10,47,285,14,4,run,run,0
2022_DEMO_005,2022,6,1,DEMO,1,3,59,3600,3,1,none,run,6
2022_DEMO_005,2022,6,2,DEMO,1,15,80,3515,-3,1,run,pass,6
2022_DEMO_005,2022,6,3,DEMO,2,10,60,3430,-14,1,pass,pass,0
2022_DEMO_005,2022,6,4,DEMO,3,10,51,3345,-14,1,pass,run,3
2022_DEMO_005,2022,6,5,DEMO,1,5,8,3260,3,1,run,run,1
2022_DEMO_005,2022,6,6,DEMO,1,7,7,3175,0,1,run,run,0
2022_DEMO_005,2022,6,7,DEMO,1,1,73,3090,7,1,run,run,0
2022_DEMO_005,2022,6,8,DEMO,1,10,17,3005,-7,1,run,run,1
2022_DEMO_005,2022,6,9,DEMO,1,10,93,2920,3,1,run,run,1
2022_DEMO_005,2022,6,10,DEMO,3,15,72,2835,3,1,run,pass,0
2022_DEMO_005,2022,6,11,DEMO,1,3,82,2750,7,2,pass,run,8
2022_DEMO_005,2022,6,12,DEMO,4,2,48,2665,7,2,run,run,1
2022_DEMO_005,2022,6,13,DEMO,2,1,28,2580,7,2,run,run,-1
2022_DEMO_005,2022,6,14,DEMO,3,7,19,2495,14,2,run,pass,0
2022_DEMO_005,2022,6,15,DEMO,1,10,74,2410,14,2,pass,run,-3
2022_DEMO_005,2022,6,16,DEMO,2,1,52,2325,3,2,run,run,5
2022_DEMO_005,2022,6,17,DEMO,3,3,40,2240,3,2,run,run,-1
2022_DEMO_005,2022,6,18,DEMO,2,3,91,2155,-3,2,run,run,4
2022_DEMO_005,2022,6,19,DEMO,1,3,40,2070,-3,2,run,run,5
2022_DEMO_005,2022,6,20,DEMO,3,12,45,1985,-14,2,run,pass,0
2022_DEMO_005,2022,6,21,DEMO,1,2,83,1900,-3,3,pass,run,0
2022_DEMO_005,2022,6,22,DEMO,2,10,47,1815,3,3,run,pass,2
2022_DEMO_005,2022,6,23,DEMO,1,6,45,1730,-3,3,pass,run,10
2022_DEMO_005,2022,6,24,DEMO,2,10,94,1645,-7,3,run,run,12
2022_DEMO_005,2022,6,25,DEMO,1,1,89,1560,14,3,run,run,9
2022_DEMO_005,2022,6,26,DEMO,4,2,31,1475,7,3,run,run,7
2022_DEMO_005,2022,6,27,DEMO,1,5,45,1390,0,3,run,run,11
2022_DEMO_005,2022,6,28,DEMO,1,6,77,1305,0,3,run,run,6
2022_DEMO_005,2022,6,29,DEMO,3,5,76,1220,7,3,run,run,5
2022_DEMO_005,2022,6,30,DEMO,1,10,20,1135,-14,3,run,pass,0
2022_DEMO_005,2022,6,31,DEMO,1,5,27,1050,14,4,pass,pass,29
2022_DEMO_005,2022,6,32,DEMO,2,7,75,965,0,4,pass,pass,0
2022_DEMO_005,2022,6,33,DEMO,3,5,45,880,14,4,pass,pass,0
2022_DEMO_005,2022,6,34,DEMO,3,12,86,795,-3,4,pass,pass,10
2022_DEMO_005,2022,6,35,DEMO,3,5,62,710,-7,4,pass,run,9
2022_DEMO_005,2022,6,36,DEMO,1,5,5,625,3,4,run,run,5
2022_DEMO_005,2022,6,37,DEMO,2,2,54,540,3,4,run,run,-2
2022_DEMO_005,2022,6,38,DEMO,4,7,29,455,7,4,run,pass,0
2022_DEMO_005,2022,6,39,DEMO,2,10,15,370,3,4,pass,pass,21
2022_DEMO_005,2022,6,40,DEMO,1,12,65,285,7,4,pass,pass,10
2022_DEMO_006,2022,7,1,DEMO,3,12,54,3600,3,1,none,pass,0
2022_DEMO_006,2022,7,2,DEMO,3,10,52,3515,7,1,pass,run,9
2022_DEMO_006,2022,7,3,DEMO,3,6,21,3430,-3,1,run,pass,0
2022_DEMO_006,2022,7,4,DEMO,2,10,36,3345,7,1,pass,run,14
2022_DEMO_006,2022,7,5,DEMO,4,3,64,3260,3,1,run,run,7
2022_DEMO_006,2022,7,6,DEMO,3,3,36,3175,0,1,run,run,-4
2022_DEMO_006,2022,7,7,DEMO,1,15,9,3090,7,1,run,run,15
2022_DEMO_006,2022,7,8,DEMO,3,2,58,3005,-3,1,run,run,-7
2022_DEMO_006,2022,7,9,DEMO,2,15,82,2920,7,1,run,run,3
2022_DEMO_006,2022,7,10,DEMO,3,1,42,2835,14,1,run,run,0
2022_DEMO_006,2022,7,11,DEMO,3,1,51,2750,0,2,run,run,-2
2022_DEMO_006,2022,7,12,DEMO,2,2,18,2665,-7,2,run,run,4
2022_DEMO_006,2022,7,13,DEMO,3,10,19,2580,7,2,run,pass,-2
2022_DEMO_006,2022,7,14,DEMO,3,4,38,2495,-14,2,pass,pass,25
2022_DEMO_006,2022,7,15,DEMO,2,15,67,2410,14,2,pass,pass,0
2022_DEMO_006,2022,7,16,DEMO,1,10,47,2325,14,2,pass,run,4
2022_DEMO_006,2022,7,17,DEMO,1,3,23,2240,3,2,run,run,8
2022_DEMO_006,2022,7,18,DEMO,1,6,77,2155,-3,2,run,run,2
2022_DEMO_006,2022,7,19,DEMO,2,5,65,2070,7,2,run,run,11
2022_DEMO_006,2022,7,20,DEMO,1,15,93,1985,-7,2,run,pass,0
2022_DEMO_006,2022,7,21,DEMO,1,12,34,1900,-14,3,pass,run,2
2022_DEMO_006,2022,7,22,DEMO,1,6,70,1815,7,3,run,run,3
2022_DEMO_006,2022,7,23,DEMO,2,10,84,1730,-7,3,run,run,1
2022_DEMO_006,2022,7,24,DEMO,2,10,52,1645,0,3,run,run,0
2022_DEMO_006,2022,7,25,DEMO,2,3,72,1560,0,3,run,pass,30
2022_DEMO_006,2022,7,26,DEMO,1,5,31,1475,-7,3,pass,pass,10
2022_DEMO_006,2022,7,27,DEMO,2,2,88,1390,-7,3,pass,run,-5
2022_DEMO_006,2022,7,28,DEMO,3,15,72,1305,-7,3,run,run,7
2022_DEMO_006,2022,7,29,DEMO,1,1,56,1220,7,3,run,pass,19
2022_DEMO_006,2022,7,30,DEMO,2,15,73,1135,14,3,pass,pass,13
2022_DEMO_006,2022,7,31,DEMO,2,10,36,1050,-7,4,pass,pass,4
2022_DEMO_006,2022,7,32,DEMO,1,15,63,965,-7,4,pass,pass,-4
2022_DEMO_006,2022,7,33,DEMO,2,2,29,880,7,4,pass,run,14
2022_DEMO_006,2022,7,34,DEMO,2,1,31,795,-7,4,run,pass,16
2022_DEMO_006,2022,7,35,DEMO,2,2,73,710,14,4,pass,pass,18
2022_DEMO_006,2022,7,36,DEMO,2,10,30,625,-14,4,pass,pass,0
2022_DEMO_006,2022,7,37,DEMO,2,10,6,540,3,4,pass,pass,13
2022_DEMO_006,2022,7,38,DEMO,2,10,87,455,-7,4,pass,pass,9
2022_DEMO_006,2022,7,39,DEMO,1,7,81,370,-3,4,pass,pass,0
2022_DEMO_006,2022,7,40,DEMO,2,10,41,285,7,4,pass,pass,-12
2022_DEMO_007,2022,8,1,DEMO,1,5,91,3600,3,1,none,run,3
2022_DEMO_007,2022,8,2,DEMO,3,3,67,3515,-14,1,run,pass,5
2022_DEMO_007,2022,8,3,DEMO,2,3,27,3430,-14,1,pass,run,3
2022_DEMO_007,2022,8,4,DEMO,3,6,86,3345,7,1,run,run,3
2022_DEMO_007,2022,8,5,DEMO,1,2,34,3260,-7,1,run,run,2
2022_DEMO_007,2022,8,6,DEMO,2,12,43,3175,3,1,run,pass,23
2022_DEMO_007,2022,8,7,DEMO,1,4,55,3090,14,1,pass,run,8
2022_DEMO_007,2022,8,8,DEMO,1,10,65,3005,7,1,run,run,10
2022_DEMO_007,2022,8,9,DEMO,1,15,39,2920,-7,1,run,run,-5
2022_DEMO_007,2022,8,10,DEMO,1,3,44,2835,-3,1,run,run,6
2022_DEMO_007,2022,8,11,DEMO,3,6,62,2750,-3,2,run,pass,-5
2022_DEMO_007,2022,8,12,DEMO,1,7,50,2665,7,2,pass,run,8
2022_DEMO_007,2022,8,13,DEMO,4,5,7,2580,14,2,run,run,6
2022_DEMO_007,2022,8,14,DEMO,1,6,8,2495,-3,2,run,run,11
2022_DEMO_007,2022,8,15,DEMO,1,10,76,2410,7,2,run,pass,0
2022_DEMO_007,2022,8,16,DEMO,2,5,18,2325,-14,2,pass,pass,-6
2022_DEMO_007,2022,8,17,DEMO,2,1,89,2240,0,2,pass,run,5
2022_DEMO_007,2022,8,18,DEMO,3,10,36,2155,-3,2,run,run,3
2022_DEMO_007,2022,8,19,DEMO,1,6,40,2070,3,2,run,run,4
2022_DEMO_007,2022,8,20,DEMO,3,2,65,1985,-7,2,run,run,16
2022_DEMO_007,2022,8,21,DEMO,2,3,24,1900,3,3,run,run,10
2022_DEMO_007,2022,8,22,DEMO,1,2,61,1815,-7,3,run,run,-2
2022_DEMO_007,2022,8,23,DEMO,2,5,93,1730,-14,3,run,pass,5
2022_DEMO_007,2022,8,24,DEMO,3,15,45,1645,14,3,pass,pass,8
2022_DEMO_007,2022,8,25,DEMO,1,4,63,1560,-3,3,pass,pass,2
2022_DEMO_007,2022,8,26,DEMO,2,5,82,1475,7,3,pass,run,9
2022_DEMO_007,2022,8,27,DEMO,2,10,11,1390,14,3,run,run,9
2022_DEMO_007,2022,8,28,DEMO,3,10,52,1305,-14,3,run,pass,26
2022_DEMO_007,2022,8,29,DEMO,1,10,67,1220,-3,3,pass,run,2
2022_DEMO_007,2022,8,30,DEMO,2,15,14,1135,3,3,run,pass,13
2022_DEMO_007,2022,8,31,DEMO,2,2,78,1050,0,4,pass,run,6
2022_DEMO_007,2022,8,32,DEMO,4,2,92,965,0,4,run,run,-5
2022_DEMO_007,2022,8,33,DEMO,4,3,88,880,-3,4,run,pass,13
2022_DEMO_007,2022,8,34,DEMO,1,10,93,795,7,4,pass,run,4
2022_DEMO_007,2022,8,35,DEMO,2,1,84,710,14,4,run,run,5
2022_DEMO_007,2022,8,36,DEMO,1,6,59,625,-7,4,run,pass,0
2022_DEMO_007,2022,8,37,DEMO,2,6,73,540,0,4,pass,run,7
2022_DEMO_007,2022,8,38,DEMO,3,15,78,455,-7,4,run,pass,0
2022_DEMO_007,2022,8,39,DEMO,1,2,8,370,3,4,pass,run,13
2022_DEMO_007,2022,8,40,DEMO,3,3,74,285,-3,4,run,run,3
2022_DEMO_008,2022,9,1,DEMO,1,4,30,3600,-3,1,none,pass,15
2022_DEMO_008,2022,9,2,DEMO,1,4,50,3515,-14,1,pass,pass,-7
2022_DEMO_008,2022,9,3,DEMO,1,10,31,3430,0,1,pass,pass,15
2022_DEMO_008,2022,9,4,DEMO,1,7,80,3345,14,1,pass,pass,-3
2022_DEMO_008,2022,9,5,DEMO,2,3,31,3260,-14,1,pass,run,4
2022_DEMO_008,2022,9,6,DEMO,3,6,45,3175,0,1,run,pass,11
2022_DEMO_008,2022,9,7,DEMO,1,2,63,3090,-14,1,pass,pass,0
2022_DEMO_008,2022,9,8,DEMO,1,2,50,3005,-3,1,pass,run,7
2022_DEMO_008,2022,9,9,DEMO,3,5,34,2920,7,1,run,pass,0
2022_DEMO_008,2022,9,10,DEMO,1,10,7,2835,-3,1,pass,run,6
2022_DEMO_008,2022,9,11,DEMO,3,3,77,2750,-14,2,run,pass,0
2022_DEMO_008,2022,9,12,DEMO,2,1,12,2665,3,2,pass,run,4
2022_DEMO_008,2022,9,13,DEMO,3,12,42,2580,-3,2,run,pass,4
2022_DEMO_008,2022,9,14,DEMO,2,3,90,2495,-7,2,pass,run,6
2022_DEMO_008,2022,9,15,DEMO,3,3,8,2410,0,2,run,pass,-4
2022_DEMO_008,2022,9,16,DEMO,2,1,8,2325,-3,2,pass,pass,21
2022_DEMO_008,2022,9,17,DEMO,2,3,57,2240,-14,2,pass,run,5
2022_DEMO_008,2022,9,18,DEMO,1,2,6,2155,-3,2,run,run,-3
2022_DEMO_008,2022,9,19,DEMO,1,2,19,2070,0,2,run,run,-4
2022_DEMO_008,2022,9,20,DEMO,2,10,86,1985,-14,2,run,pass,18
2022_DEMO_008,2022,9,21,DEMO,3,3,46,1900,7,3,pass,run,11
2022_DEMO_008,2022,9,22,DEMO,1,10,78,1815,-7,3,run,pass,5
2022_DEMO_008,2022,9,23,DEMO,3,3,33,1730,7,3,pass,pass,0
2022_DEMO_008,2022,9,24,DEMO,1,10,18,1645,-7,3,pass,pass,0
2022_DEMO_008,2022,9,25,DEMO,2,6,95,1560,0,3,pass,run,-2
2022_DEMO_008,2022,9,26,DEMO,3,3,46,1475,0,3,run,pass,0
2022_DEMO_008,2022,9,27,DEMO,2,1,54,1390,7,3,pass,pass,0
2022_DEMO_008,2022,9,28,DEMO,1,3,86,1305,-14,3,pass,run,4
2022_DEMO_008,2022,9,29,DEMO,1,7,46,1220,-14,3,run,run,0
2022_DEMO_008,2022,9,30,DEMO,2,10,56,1135,0,3,run,run,5
2022_DEMO_008,2022,9,31,DEMO,2,5,74,1050,0,4,run,pass,0
2022_DEMO_008,2022,9,32,DEMO,3,6,48,965,-7,4,pass,pass,-3
2022_DEMO_008,2022,9,33,DEMO,2,12,48,880,14,4,pass,pass,0
2022_DEMO_008,2022,9,34,DEMO,1,12,8,795,3,4,pass,pass,0
2022_DEMO_008,2022,9,35,DEMO,2,2,20,710,3,4,pass,run,5
2022_DEMO_008,2022,9,36,DEMO,1,6,44,625,0,4,run,run,6
2022_DEMO_008,2022,9,37,DEMO,3,10,28,540,0,4,run,run,4
2022_DEMO_008,2022,9,38,DEMO,3,10,29,455,-7,4,run,run,5
2022_DEMO_008,2022,9,39,DEMO,2,6,72,370,3,4,run,run,5
2022_DEMO_008,2022,9,40,DEMO,2,10,72,285,-14,4,run,run,2
2022_DEMO_009,2022,10,1,DEMO,3,10,26,3600,-3,1,none,pass,13
2022_DEMO_009,2022,10,2,DEMO,2,10,33,3515,14,1,pass,run,3
2022_DEMO_009,2022,10,3,DEMO,3,7,30,3430,-3,1,run,pass,-2
2022_DEMO_009,2022,10,4,DEMO,1,7,71,3345,0,1,pass,run,2
2022_DEMO_009,2022,10,5,DEMO,3,1,14,3260,-3,1,run,run,5
2022_DEMO_009,2022,10,6,DEMO,2,4,83,3175,3,1,run,run,9
2022_DEMO_009,2022,10,7,DEMO,1,3,36,3090,0,1,run,run,6
2022_DEMO_009,2022,10,8,DEMO,2,7,80,3005,-7,1,run,pass,12
2022_DEMO_009,2022,10,9,DEMO,1,7,20,2920,7,1,pass,run,16
2022_DEMO_009,2022,10,10,DEMO,3,3,31,2835,0,1,run,pass,0
2022_DEMO_009,2022,10,11,DEMO,1,12,20,2750,3,2,pass,pass,0
2022_DEMO_009,2022,10,12,DEMO,2,10,34,2665,7,2,pass,pass,-3
2022_DEMO_009,2022,10,13,DEMO,1,15,48,2580,-3,2,pass,run,3
2022_DEMO_009,2022,10,14,DEMO,1,5,19,2495,7,2,run,run,-4
2022_DEMO_009,2022,10,15,DEMO,2,10,42,2410,-7,2,run,run,0
2022_DEMO_009,2022,10,16,DEMO,1,15,82,2325,3,2,run,run,5
2022_DEMO_009,2022,10,17,DEMO,2,15,60,2240,0,2,run,pass,0
2022_DEMO_009,2022,10,18,DEMO,3,15,40,2155,-3,2,pass,pass,26
2022_DEMO_009,2022,10,19,DEMO,2,5,50,2070,-14,2,pass,pass,-3
2022_DEMO_009,2022,10,20,DEMO,1,7,90,1985,-3,2,pass,pass,10
2022_DEMO_009,2022,10,21,DEMO,2,10,82,1900,14,3,pass,run,-3
2022_DEMO_009,2022,10,22,DEMO,2,1,82,1815,-14,3,run,run,-1
2022_DEMO_009,2022,10,23,DEMO,3,2,78,1730,-14,3,run,pass,0
2022_DEMO_009,2022,10,24,DEMO,3,7,55,1645,7,3,pass,run,10
2022_DEMO_009,2022,10,25,DEMO,1,10,63,1560,3,3,run,run,9
2022_DEMO_009,2022,10,26,DEMO,3,15,60,1475,7,3,run,run,5
2022_DEMO_009,2022,10,27,DEMO,1,3,8,1390,7,3,run,run,13
2022_DEMO_009,2022,10,28,DEMO,3,15,63,1305,14,3,run,run,10
2022_DEMO_009,2022,10,29,DEMO,1,12,49,1220,-3,3,run,run,4
2022_DEMO_009,2022,10,30,DEMO,1,10,94,1135,7,3,run,pass,18
2022_DEMO_009,2022,10,31,DEMO,1,10,87,1050,-3,4,pass,run,5
2022_DEMO_009,2022,10,32,DEMO,1,10,16,965,-3,4,run,pass,-7
2022_DEMO_009,2022,10,33,DEMO,3,4,45,880,14,4,pass,pass,16
2022_DEMO_009,2022,10,34,DEMO,2,12,28,795,14,4,pass,pass,0
2022_DEMO_009,2022,10,35,DEMO,2,6,48,710,14,4,pass,pass,13
2022_DEMO_009,2022,10,36,DEMO,1,3,46,625,-14,4,pass,pass,20
2022_DEMO_009,2022,10,37,DEMO,2,10,73,540,-7,4,pass,pass,1
2022_DEMO_009,2022,10,38,DEMO,1,2,81,455,7,4,pass,run,4
2022_DEMO_009,2022,10,39,DEMO,2,7,22,370,0,4,run,pass,23
2022_DEMO_009,2022,10,40,DEMO,3,5,83,285,3,4,pass,run,3
2022_DEMO_010,2022,11,1,DEMO,3,4,75,3600,-7,1,none,run,7
2022_DEMO_010,2022,11,2,DEMO,1,10,33,3515,14,1,run,run,6
2022_DEMO_010,2022,11,3,DEMO,2,4,23,3430,-14,1,run,pass,27
2022_DEMO_010,2022,11,4,DEMO,3,10,61,3345,0,1,pass,pass,11
2022_DEMO_010,2022,11,5,DEMO,2,7,85,3260,3,1,pass,run,7
2022_DEMO_010,2022,11,6,DEMO,4,15,38,3175,7,1,run,run,-1
2022_DEMO_010,2022,11,7,DEMO,2,6,35,3090,-3,1,run,run,11
2022_DEMO_010,2022,11,8,DEMO,1,15,22,3005,-3,1,run,run,8
2022_DEMO_010,2022,11,9,DEMO,2,3,17,2920,14,1,run,run,4
2022_DEMO_010,2022,11,10,DEMO,2,10,45,2835,-14,1,run,run,-1
2022_DEMO_010,2022,11,11,DEMO,2,12,75,2750,14,2,run,run,0
2022_DEMO_010,2022,11,12,DEMO,2,10,11,2665,0,2,run,run,-1
2022_DEMO_010,2022,11,13,DEMO,3,3,7,2580,3,2,run,run,4
2022_DEMO_010,2022,11,14,DEMO,2,6,66,2495,14,2,run,run,8
2022_DEMO_010,2022,11,15,DEMO,3,5,77,2410,-3,2,run,run,6
2022_DEMO_010,2022,11,16,DEMO,2,15,81,2325,0,2,run,pass,15
2022_DEMO_010,2022,11,17,DEMO,2,5,73,2240,7,2,pass,run,8
2022_DEMO_010,2022,11,18,DEMO,1,10,70,2155,0,2,run,pass,5
2022_DEMO_010,2022,11,19,DEMO,1,10,11,2070,7,2,pass,run,1
2022_DEMO_010,2022,11,20,DEMO,2,2,83,1985,-14,2,run,run,3
2022_DEMO_010,2022,11,21,DEMO,1,10,27,1900,14,3,run,pass,-6
2022_DEMO_010,2022,11,22,DEMO,2,2,47,1815,-14,3,pass,pass,4
2022_DEMO_010,2022,11,23,DEMO,3,7,94,1730,0,3,pass,pass,-5
2022_DEMO_010,2022,11,24,DEMO,1,6,27,1645,7,3,pass,run,4
2022_DEMO_010,2022,11,25,DEMO,1,4,34,1560,-3,3,run,run,6
2022_DEMO_010,2022,11,26,DEMO,2,6,62,1475,14,3,run,pass,0
2022_DEMO_010,2022,11,27,DEMO,3,1,76,1390,-14,3,pass,run,5
2022_DEMO_010,2022,11,28,DEMO,4,1,5,1305,-3,3,run,pass,0
2022_DEMO_010,2022,11,29,DEMO,3,10,52,1220,14,3,pass,pass,0
2022_DEMO_010,2022,11,30,DEMO,2,10,28,1135,3,3,pass,pass,9
2022_DEMO_010,2022,11,31,DEMO,3,3,81,1050,-3,4,pass,run,10
2022_DEMO_010,2022,11,32,DEMO,3,3,69,965,-7,4,run,run,0
2022_DEMO_010,2022,11,33,DEMO,2,10,9,880,3,4,run,run,5
2022_DEMO_010,2022,11,34,DEMO,3,5,18,795,-3,4,run,run,2
2022_DEMO_010,2022,11,35,DEMO,2,3,17,710,0,4,run,pass,0
2022_DEMO_010,2022,11,36,DEMO,2,6,63,625,7,4,pass,run,1
2022_DEMO_010,2022,11,37,DEMO,1,10,13,540,-3,4,run,pass,0
2022_DEMO_010,2022,11,38,DEMO,3,10,29,455,14,4,pass,pass,15
2022_DEMO_010,2022,11,39,DEMO,3,10,89,370,7,4,pass,run,-3
2022_DEMO_010,2022,11,40,DEMO,1,12,46,285,3,4,run,run,0
2022_DEMO_011,2022,12,1,DEMO,2,10,55,3600,14,1,none,run,6
2022_DEMO_011,2022,12,2,DEMO,2,4,42,3515,7,1,run,run,8
2022_DEMO_011,2022,12,3,DEMO,2,2,67,3430,-14,1,run,run,2
2022_DEMO_011,2022,12,4,DEMO,1,10,41,3345,14,1,run,run,9
2022_DEMO_011,2022,12,5,DEMO,1,1,29,3260,-14,1,run,run,-4
2022_DEMO_011,2022,12,6,DEMO,2,12,45,3175,7,1,run,pass,0
2022_DEMO_011,2022,12,7,DEMO,3,7,29,3090,-3,1,pass,run,-1
2022_DEMO_011,2022,12,8,DEMO,1,12,60,3005,7,1,run,run,8
2022_DEMO_011,2022,12,9,DEMO,2,1,32,2920,-14,1,run,run,0
2022_DEMO_011,2022,12,10,DEMO,1,4,45,2835,-14,1,run,run,-2
2022_DEMO_011,2022,12,11,DEMO,2,1,53,2750,-7,2,run,run,5
2022_DEMO_011,2022,12,12,DEMO,1,5,5,2665,-7,2,run,run,8
2022_DEMO_011,2022,12,13,DEMO,1,7,34,2580,-3,2,run,run,2
2022_DEMO_011,2022,12,14,DEMO,1,3,23,2495,3,2,run,run,0
2022_DEMO_011,2022,12,15,DEMO,2,10,95,2410,14,2,run,run,-4
2022_DEMO_011,2022,12,16,DEMO,1,12,39,2325,0,2,run,run,0
2022_DEMO_011,2022,12,17,DEMO,1,4,67,2240,-3,2,run,run,7
2022_DEMO_011,2022,12,18,DEMO,2,7,10,2155,7,2,run,run,9
2022_DEMO_011,2022,12,19,DEMO,1,2,19,2070,-7,2,run,run,9
2022_DEMO_011,2022,12,20,DEMO,2,3,73,1985,-3,2,run,pass,22
2022_DEMO_011,2022,12,21,DEMO,2,5,73,1900,-3,3,pass,pass,5
2022_DEMO_011,2022,12,22,DEMO,1,2,55,1815,14,3,pass,run,5
2022_DEMO_011,2022,12,23,DEMO,3,4,21,1730,3,3,run,run,6
2022_DEMO_011,2022,12,24,DEMO,2,2,19,1645,-7,3,run,pass,20
2022_DEMO_011,2022,12,25,DEMO,1,7,83,1560,-3,3,pass,run,8
2022_DEMO_011,2022,12,26,DEMO,1,10,10,1475,7,3,run,run,5
2022_DEMO_011,2022,12,27,DEMO,1,6,10,1390,3,3,run,pass,0
2022_DEMO_011,2022,12,28,DEMO,3,5,27,1305,-3,3,pass,pass,3
2022_DEMO_011,2022,12,29,DEMO,1,7,24,1220,-3,3,pass,pass,0
2022_DEMO_011,2022,12,30,DEMO,2,6,89,1135,7,3,pass,run,6
2022_DEMO_011,2022,12,31,DEMO,1,10,41,1050,3,4,run,pass,6
2022_DEMO_011,2022,12,32,DEMO,1,2,92,965,-14,4,pass,run,-2
2022_DEMO_011,2022,12,33,DEMO,1,6,52,880,-14,4,run,pass,0
2022_DEMO_011,2022,12,34,DEMO,1,7,5,795,3,4,pass,pass,6
2022_DEMO_011,2022,12,35,DEMO,2,4,85,710,-14,4,pass,pass,0
2022_DEMO_011,2022,12,36,DEMO,2,10,78,625,7,4,pass,pass,-6
2022_DEMO_011,2022,12,37,DEMO,1,10,83,540,-3,4,pass,pass,21
2022_DEMO_011,2022,12,38,DEMO,2,3,63,455,3,4,pass,run,5
2022_DEMO_011,2022,12,39,DEMO,2,7,37,370,-7,4,run,pass,0
2022_DEMO_011,2022,12,40,DEMO,3,3,10,285,0,4,pass,pass,16
2023_DEMO_000,2023,1,1,DEMO,3,7,21,3600,14,1,none,run,6
2023_DEMO_000,2023,1,2,DEMO,3,10,62,3515,0,1,run,run,9
2023_DEMO_000,2023,1,3,DEMO,2,6,46,3430,7,1,run,run,4
2023_DEMO_000,2023,1,4,DEMO,1,4,77,3345,-7,1,run,run,1
2023_DEMO_000,2023,1,5,DEMO,2,10,51,3260,0,1,run,run,5
2023_DEMO_000,2023,1,6,DEMO,2,4,55,3175,-7,1,run,run,0
2023_DEMO_000,2023,1,7,DEMO,2,10,43,3090,14,1,run,run,8
2023_DEMO_000,2023,1,8,DEMO,1,6,75,3005,-7,1,run,run,1
2023_DEMO_000,2023,1,9,DEMO,3,7,28,2920,0,1,run,pass,0
2023_DEMO_000,2023,1,10,DEMO,2,3,39,2835,7,1,pass,run,5
2023_DEMO_000,2023,1,11,DEMO,2,4,24,2750,0,2,run,run,-2
2023_DEMO_000,2023,1,12,DEMO,1,15,21,2665,14,2,run,run,0
2023_DEMO_000,2023,1,13,DEMO,2,15,85,2580,-14,2,run,run,14
2023_DEMO_000,2023,1,14,DEMO,3,2,7,2495,-14,2,run,run,7
2023_DEMO_000,2023,1,15,DEMO,1,6,30,2410,7,2,run,pass,0
2023_DEMO_000,2023,1,16,DEMO,3,6,84,2325,-3,2,pass,run,1
2023_DEMO_000,2023,1,17,DEMO,3,10,48,2240,7,2,run,pass,0
2023_DEMO_000,2023,1,18,DEMO,3,3,24,2155,-7,2,pass,pass,5
2023_DEMO_000,2023,1,19,DEMO,2,10,94,2070,-3,2,pass,run,3
2023_DEMO_000,2023,1,20,DEMO,3,2,89,1985,-7,2,run,run,5
2023_DEMO_000,2023,1,21,DEMO,3,10,53,1900,0,3,run,pass,0
2023_DEMO_000,2023,1,22,DEMO,2,6,61,1815,3,3,pass,run,5
2023_DEMO_000,2023,1,23,DEMO,2,1,67,1730,7,3,run,run,15
2023_DEMO_000,2023,1,24,DEMO,3,2,27,1645,-7,3,run,run,-5
2023_DEMO_000,2023,1,25,DEMO,2,3,19,1560,14,3,run,run,7
2023_DEMO_000,2023,1,26,DEMO,1,2,50,1475,3,3,run,run,11
2023_DEMO_000,2023,1,27,DEMO,2,10,80,1390,0,3,run,run,2
2023_DEMO_000,2023,1,28,DEMO,2,10,8,1305,0,3,run,pass,0
2023_DEMO_000,2023,1,29,DEMO,2,15,44,1220,-3,3,pass,pass,14
2023_DEMO_000,2023,1,30,DEMO,1,15,89,1135,0,3,pass,run,4
2023_DEMO_000,2023,1,31,DEMO,3,10,6,1050,7,4,run,pass,0
2023_DEMO_000,2023,1,32,DEMO,1,10,53,965,0,4,pass,pass,10
2023_DEMO_000,2023,1,33,DEMO,2,6,51,880,14,4,pass,run,9
2023_DEMO_000,2023,1,34,DEMO,2,3,49,795,7,4,run,pass,0
2023_DEMO_000,2023,1,35,DEMO,1,2,62,710,7,4,pass,pass,8
2023_DEMO_000,2023,1,36,DEMO,1,10,19,625,-14,4,pass,run,5
2023_DEMO_000,2023,1,37,DEMO,1,6,13,540,-7,4,run,run,2
2023_DEMO_000,2023,1,38,DEMO,1,2,14,455,-14,4,run,run,4
2023_DEMO_000,2023,1,39,DEMO,3,2,24,370,3,4,run,run,0
2023_DEMO_000,2023,1,40,DEMO,3,10,85,285,14,4,run,pass,6
2023_DEMO_001,2023,2,1,DEMO,1,15,15,3600,-7,1,none,pass,7
2023_DEMO_001,2023,2,2,DEMO,1,12,34,3515,-7,1,pass,pass,0
2023_DEMO_001,2023,2,3,DEMO,1,10,29,3430,0,1,pass,run,3
2023_DEMO_001,2023,2,4,DEMO,2,10,41,3345,7,1,run,run,-1
2023_DEMO_001,2023,2,5,DEMO,3,1,61,3260,-7,1,run,run,15
2023_DEMO_001,2023,2,6,DEMO,1,10,78,3175,-7,1,run,run,10
2023_DEMO_001,2023,2,7,DEMO,2,2,29,3090,-7,1,run,run,5
2023_DEMO_001,2023,2,8,DEMO,1,10,42,3005,3,1,run,run,1
2023_DEMO_001,2023,2,9,DEMO,2,4,59,2920,-3,1,run,run,4
2023_DEMO_001,2023,2,10,DEMO,2,12,37,2835,-3,1,run,run,-1
2023_DEMO_001,2023,2,11,DEMO,1,2,68,2750,-3,2,run,run,12
2023_DEMO_001,2023,2,12,DEMO,2,12,62,2665,-14,2,run,run,7
2023_DEMO_001,2023,2,13,DEMO,2,6,80,2580,14,2,run,run,0
2023_DEMO_001,2023,2,14,DEMO,2,2,77,2495,-3,2,run,run,10
2023_DEMO_001,2023,2,15,DEMO,1,6,66,2410,-3,2,run,run,5
2023_DEMO_001,2023,2,16,DEMO,4,4,34,2325,3,2,run,pass,1
2023_DEMO_001,2023,2,17,DEMO,1,10,46,2240,14,2,pass,run,9
2023_DEMO_001,2023,2,18,DEMO,3,10,24,2155,-7,2,run,run,4
2023_DEMO_001,2023,2,19,DEMO,1,1,22,2070,14,2,run,run,11
2023_DEMO_001,2023,2,20,DEMO,1,1,60,1985,14,2,run,run,4
2023_DEMO_001,2023,2,21,DEMO,3,3,80,1900,-7,3,run,pass,0
2023_DEMO_001,2023,2,22,DEMO,2,5,48,1815,-7,3,pass,pass,1
2023_DEMO_001,2023,2,23,DEMO,2,4,29,1730,0,3,pass,run,15
2023_DEMO_001,2023,2,24,DEMO,2,7,25,1645,0,3,run,run,15
2023_DEMO_001,2023,2,25,DEMO,1,6,95,1560,0,3,run,run,9
2023_DEMO_001,2023,2,26,DEMO,1,10,68,1475,14,3,run,pass,21
2023_DEMO_001,2023,2,27,DEMO,1,5,92,1390,3,3,pass,run,3
2023_DEMO_001,2023,2,28,DEMO,1,3,72,1305,-3,3,run,run,-1
2023_DEMO_001,2023,2,29,DEMO,1,10,65,1220,-14,3,run,pass,18
2023_DEMO_001,2023,2,30,DEMO,1,6,93,1135,-7,3,pass,run,10
2023_DEMO_001,2023,2,31,DEMO,3,10,40,1050,3,4,run,pass,1
2023_DEMO_001,2023,2,32,DEMO,2,3,46,965,14,4,pass,run,8
2023_DEMO_001,2023,2,33,DEMO,2,4,36,880,0,4,run,run,4
2023_DEMO_001,2023,2,34,DEMO,3,6,70,795,-14,4,run,pass,0
2023_DEMO_001,2023,2,35,DEMO,1,10,67,710,0,4,pass,run,13
2023_DEMO_001,2023,2,36,DEMO,1,10,54,625,14,4,run,pass,-6
2023_DEMO_001,2023,2,37,DEMO,2,6,12,540,0,4,pass,pass,1
2023_DEMO_001,2023,2,38,DEMO,2,3,39,455,-3,4,pass,pass,0
2023_DEMO_001,2023,2,39,DEMO,3,4,87,370,-7,4,pass,run,12
2023_DEMO_001,2023,2,40,DEMO,2,2,42,285,7,4,run,pass,-2
2023_DEMO_002,2023,3,1,DEMO,1,7,59,3600,7,1,none,run,4
2023_DEMO_002,2023,3,2,DEMO,1,5,31,3515,-7,1,run,run,11
2023_DEMO_002,2023,3,3,DEMO,2,6,64,3430,14,1,run,run,6
2023_DEMO_002,2023,3,4,DEMO,1,12,53,3345,3,1,run,pass,0
2023_DEMO_002,2023,3,5,DEMO,2,4,95,3260,3,1,pass,run,14
2023_DEMO_002,2023,3,6,DEMO,1,3,46,3175,-14,1,run,pass,0
2023_DEMO_002,2023,3,7,DEMO,1,15,53,3090,3,1,pass,pass,6
2023_DEMO_002,2023,3,8,DEMO,1,3,46,3005,3,1,pass,run,8
2023_DEMO_002,2023,3,9,DEMO,2,10,10,2920,3,1,run,pass,10
2023_DEMO_002,2023,3,10,DEMO,1,2,13,2835,-7,1,pass,pass,15
2023_DEMO_002,2023,3,11,DEMO,3,6,48,2750,-14,2,pass,pass,6
2023_DEMO_002,2023,3,12,DEMO,2,10,12,2665,3,2,pass,pass,5
2023_DEMO_002,2023,3,13,DEMO,1,4,62,2580,-7,2,pass,pass,-2
2023_DEMO_002,2023,3,14,DEMO,1,4,12,2495,7,2,pass,run,11
2023_DEMO_002,2023,3,15,DEMO,2,10,10,2410,-14,2,run,pass,0
2023_DEMO_002,2023,3,16,DEMO,1,3,69,2325,-3,2,pass,run,5
2023_DEMO_002,2023,3,17,DEMO,3,12,55,2240,-14,2,run,pass,0
2023_DEMO_002,2023,3,18,DEMO,1,15,94,2155,0,2,pass,run,10
2023_DEMO_002,2023,3,19,DEMO,1,10,67,2070,-14,2,run,pass,0
2023_DEMO_002,2023,3,20,DEMO,3,10,26,1985,0,2,pass,pass,11
2023_DEMO_002,2023,3,21,DEMO,3,15,84,1900,-3,3,pass,pass,-5
2023_DEMO_002,2023,3,22,DEMO,3,5,47,1815,-7,3,pass,pass,0
2023_DEMO_002,2023,3,23,DEMO,1,5,62,1730,-14,3,pass,pass,20
2023_DEMO_002,2023,3,24,DEMO,2,7,31,1645,-7,3,pass,pass,25
2023_DEMO_002,2023,3,25,DEMO,1,10,43,1560,14,3,pass,run,11
2023_DEMO_002,2023,3,26,DEMO,1,10,43,1475,-3,3,run,run,2
2023_DEMO_002,2023,3,27,DEMO,3,5,32,1390,3,3,run,pass,0
2023_DEMO_002,2023,3,28,DEMO,3,6,31,1305,0,3,pass,run,2
2023_DEMO_002,2023,3,29,DEMO,1,6,63,1220,0,3,run,run,7
2023_DEMO_002,2023,3,30,DEMO,2,5,90,1135,14,3,run,run,9
2023_DEMO_002,2023,3,31,DEMO,1,2,5,1050,14,4,run,pass,0
2023_DEMO_002,2023,3,32,DEMO,1,5,5,965,-3,4,pass,pass,12
2023_DEMO_002,2023,3,33,DEMO,1,12,29,880,0,4,pass,run,4
2023_DEMO_002,2023,3,34,DEMO,1,5,58,795,7,4,run,pass,15
2023_DEMO_002,2023,3,35,DEMO,1,4,20,710,7,4,pass,run,2
2023_DEMO_002,2023,3,36,DEMO,2,1,65,625,-7,4,run,pass,0
2023_DEMO_002,2023,3,37,DEMO,1,10,93,540,3,4,pass,pass,0
2023_DEMO_002,2023,3,38,DEMO,2,2,93,455,-7,4,pass,pass,7
2023_DEMO_002,2023,3,39,DEMO,2,10,57,370,-7,4,pass,run,5
2023_DEMO_002,2023,3,40,DEMO,2,1,89,285,-14,4,run,run,10
2023_DEMO_003,2023,4,1,DEMO,2,4,39,3600,-14,1,none,run,-1
2023_DEMO_003,2023,4,2,DEMO,3,4,35,3515,7,1,run,run,11
2023_DEMO_003,2023,4,3,DEMO,3,7,76,3430,7,1,run,run,4
2023_DEMO_003,2023,4,4,DEMO,1,15,11,3345,-3,1,run,pass,-1
2023_DEMO_003,2023,4,5,DEMO,1,12,52,3260,7,1,pass,run,6
2023_DEMO_003,2023,4,6,DEMO,1,15,86,3175,-3,1,run,run,1
2023_DEMO_003,2023,4,7,DEMO,4,5,23,3090,14,1,run,run,2
2023_DEMO_003,2023,4,8,DEMO,3,12,74,3005,0,1,run,pass,-6
2023_DEMO_003,2023,4,9,DEMO,1,6,87,2920,0,1,pass,run,-1
2023_DEMO_003,2023,4,10,DEMO,2,12,26,2835,-14,1,run,pass,14
2023_DEMO_003,2023,4,11,DEMO,1,12,25,2750,14,2,pass,run,4
2023_DEMO_003,2023,4,12,DEMO,1,4,93,2665,0,2,run,pass,17
2023_DEMO_003,2023,4,13,DEMO,1,2,78,2580,-14,2,pass,run,8
2023_DEMO_003,2023,4,14,DEMO,2,3,34,2495,7,2,run,run,3
2023_DEMO_003,2023,4,15,DEMO,2,6,75,2410,0,2,run,run,6
2023_DEMO_003,2023,4,16,DEMO,3,4,78,2325,-3,2,run,run,-1
2023_DEMO_003,2023,4,17,DEMO,1,12,63,2240,-7,2,run,run,-8
2023_DEMO_003,2023,4,18,DEMO,3,4,5,2155,14,2,run,run,6
2023_DEMO_003,2023,4,19,DEMO,3,15,44,2070,-7,2,run,run,-1
2023_DEMO_003,2023,4,20,DEMO,1,4,74,1985,7,2,run,pass,11
2023_DEMO_003,2023,4,21,DEMO,1,3,92,1900,-14,3,pass,pass,9
2023_DEMO_003,2023,4,22,DEMO,1,6,89,1815,0,3,pass,pass,4
2023_DEMO_003,2023,4,23,DEMO,1,10,80,1730,0,3,pass,run,8
2023_DEMO_003,2023,4,24,DEMO,2,12,67,1645,-14,3,run,pass,8
2023_DEMO_003,2023,4,25,DEMO,3,10,17,1560,0,3,pass,pass,19
2023_DEMO_003,2023,4,26,DEMO,1,12,67,1475,-14,3,pass,pass,9
2023_DEMO_003,2023,4,27,DEMO,1,2,15,1390,-7,3,pass,run,2
2023_DEMO_003,2023,4,28,DEMO,2,2,63,1305,0,3,run,run,5
2023_DEMO_003,2023,4,29,DEMO,1,5,75,1220,14,3,run,run,18
2023_DEMO_003,2023,4,30,DEMO,2,10,57,1135,-14,3,run,pass,0
2023_DEMO_003,2023,4,31,DEMO,3,1,69,1050,0,4,pass,pass,0
2023_DEMO_003,2023,4,32,DEMO,1,10,54,965,14,4,pass,run,4
2023_DEMO_003,2023,4,33,DEMO,2,15,71,880,0,4,run,pass,6
2023_DEMO_003,2023,4,34,DEMO,3,1,42,795,3,4,pass,pass,0
2023_DEMO_003,2023,4,35,DEMO,1,2,30,710,0,4,pass,run,12
2023_DEMO_003,2023,4,36,DEMO,3,3,53,625,-14,4,run,pass,0
2023_DEMO_003,2023,4,37,DEMO,3,10,68,540,-7,4,pass,pass,9
2023_DEMO_003,2023,4,38,DEMO,3,2,17,455,-7,4,pass,pass,19
2023_DEMO_003,2023,4,39,DEMO,2,6,94,370,0,4,pass,pass,5
2023_DEMO_003,2023,4,40,DEMO,2,12,74,285,-14,4,pass,pass,0
2023_DEMO_004,2023,5,1,DEMO,2,15,59,3600,-14,1,none,pass,0
2023_DEMO_004,2023,5,2,DEMO,3,6,65,3515,0,1,pass,run,5
2023_DEMO_004,2023,5,3,DEMO,1,1,25,3430,-14,1,run,run,15
2023_DEMO_004,2023,5,4,DEMO,2,10,89,3345,3,1,run,run,4
2023_DEMO_004,2023,5,5,DEMO,3,3,79,3260,0,1,run,pass,0
2023_DEMO_004,2023,5,6,DEMO,1,5,22,3175,7,1,pass,run,6
2023_DEMO_004,2023,5,7,DEMO,1,1,70,3090,14,1,run,pass,7
2023_DEMO_004,2023,5,8,DEMO,1,3,45,3005,-7,1,pass,run,10
2023_DEMO_004,2023,5,9,DEMO,3,4,89,2920,0,1,run,run,5
2023_DEMO_004,2023,5,10,DEMO,2,12,74,2835,14,1,run,run,7
2023_DEMO_004,2023,5,11,DEMO,1,3,70,2750,-7,2,run,run,9
2023_DEMO_004,2023,5,12,DEMO,4,10,26,2665,-7,2,run,pass,13
2023_DEMO_004,2023,5,13,DEMO,2,4,38,2580,0,2,pass,pass,19
2023_DEMO_004,2023,5,14,DEMO,1,12,52,2495,0,2,pass,pass,-3
2023_DEMO_004,2023,5,15,DEMO,1,3,66,2410,3,2,pass,run,0
2023_DEMO_004,2023,5,16,DEMO,3,12,25,2325,-7,2,run,pass,0
2023_DEMO_004,2023,5,17,DEMO,3,7,81,2240,-14,2,pass,pass,8
2023_DEMO_004,2023,5,18,DEMO,2,3,87,2155,-14,2,pass,pass,-7
2023_DEMO_004,2023,5,19,DEMO,3,5,73,2070,3,2,pass,pass,0
2023_DEMO_004,2023,5,20,DEMO,3,10,67,1985,0,2,pass,run,6
2023_DEMO_004,2023,5,21,DEMO,3,10,93,1900,3,3,run,run,-1
2023_DEMO_004,2023,5,22,DEMO,2,10,48,1815,-14,3,run,run,0
2023_DEMO_004,2023,5,23,DEMO,4,10,71,1730,3,3,run,pass,0
2023_DEMO_004,2023,5,24,DEMO,1,5,41,1645,3,3,pass,run,1
2023_DEMO_004,2023,5,25,DEMO,3,10,29,1560,-3,3,run,run,14
2023_DEMO_004,2023,5,26,DEMO,1,6,71,1475,7,3,run,run,4
2023_DEMO_004,2023,5,27,DEMO,2,10,22,1390,14,3,run,run,9
2023_DEMO_004,2023,5,28,DEMO,1,12,92,1305,-3,3,run,run,1
2023_DEMO_004,2023,5,29,DEMO,2,10,27,1220,-14,3,run,run,3
2023_DEMO_004,2023,5,30,DEMO,3,12,36,1135,-7,3,run,pass,-1
2023_DEMO_004,2023,5,31,DEMO,3,6,36,1050,0,4,pass,pass,0
2023_DEMO_004,2023,5,32,DEMO,2,10,48,965,-7,4,pass,pass,0
2023_DEMO_004,2023,5,33,DEMO,1,7,75,880,0,4,pass,pass,0
2023_DEMO_004,2023,5,34,DEMO,3,10,63,795,3,4,pass,pass,0
2023_DEMO_004,2023,5,35,DEMO,2,4,39,710,-14,4,pass,run,13
2023_DEMO_004,2023,5,36,DEMO,2,10,81,625,-14,4,run,pass,13
2023_DEMO_004,2023,5,37,DEMO,1,1,10,540,14,4,pass,pass,0
2023_DEMO_004,2023,5,38,DEMO,2,3,17,455,7,4,pass,run,6
2023_DEMO_004,2023,5,39,DEMO,1,12,77,370,-14,4,run,pass,3
2023_DEMO_004,2023,5,40,DEMO,2,4,33,285,3,4,pass,run,2
2023_DEMO_005,2023,6,1,DEMO,3,10,50,3600,14,1,none,pass,0
2023_DEMO_005,2023,6,2,DEMO,2,4,26,3515,14,1,pass,run,0
2023_DEMO_005,2023,6,3,DEMO,1,3,16,3430,3,1,run,run,8
2023_DEMO_005,2023,6,4,DEMO,4,5,67,3345,-14,1,run,pass,10
2023_DEMO_005,2023,6,5,DEMO,1,3,33,3260,-3,1,pass,pass,0
2023_DEMO_005,2023,6,6,DEMO,1,10,81,3175,14,1,pass,run,9
2023_DEMO_005,2023,6,7,DEMO,1,2,15,3090,0,1,run,run,-3
2023_DEMO_005,2023,6,8,DEMO,1,10,53,3005,-14,1,run,run,7
2023_DEMO_005,2023,6,9,DEMO,1,12,67,2920,0,1,run,run,0
2023_DEMO_005,2023,6,10,DEMO,2,10,54,2835,14,1,run,run,4
2023_DEMO_005,2023,6,11,DEMO,1,3,95,2750,-14,2,run,run,3
2023_DEMO_005,2023,6,12,DEMO,3,4,32,2665,-3,2,run,pass,0
2023_DEMO_005,2023,6,13,DEMO,2,4,53,2580,3,2,pass,run,0
2023_DEMO_005,2023,6,14,DEMO,3,12,77,2495,-7,2,run,run,11
2023_DEMO_005,2023,6,15,DEMO,1,10,49,2410,-3,2,run,run,7
2023_DEMO_005,2023,6,16,DEMO,2,15,62,2325,0,2,run,pass,0
2023_DEMO_005,2023,6,17,DEMO,1,6,38,2240,0,2,pass,pass,0
2023_DEMO_005,2023,6,18,DEMO,2,10,81,2155,3,2,pass,run,12
2023_DEMO_005,2023,6,19,DEMO,1,4,16,2070,7,2,run,run,-6
2023_DEMO_005,2023,6,20,DEMO,1,15,75,1985,-14,2,run,pass,8
2023_DEMO_005,2023,6,21,DEMO,1,7,40,1900,14,3,pass,run,7
2023_DEMO_005,2023,6,22,DEMO,1,5,26,1815,3,3,run,pass,0
2023_DEMO_005,2023,6,23,DEMO,3,15,27,1730,-3,3,pass,pass,0
2023_DEMO_005,2023,6,24,DEMO,3,4,7,1645,14,3,pass,run,3
2023_DEMO_005,2023,6,25,DEMO,3,5,27,1560,3,3,run,pass,6
2023_DEMO_005,2023,6,26,DEMO,3,15,27,1475,-7,3,pass,pass,0
2023_DEMO_005,2023,6,27,DEMO,3,6,26,1390,14,3,pass,pass,-11
2023_DEMO_005,2023,6,28,DEMO,1,3,11,1305,0,3,pass,pass,0
2023_DEMO_005,2023,6,29,DEMO,3,6,78,1220,14,3,pass,pass,0
2023_DEMO_005,2023,6,30,DEMO,1,2,36,1135,-7,3,pass,run,4
2023_DEMO_005,2023,6,31,DEMO,3,2,53,1050,-7,4,run,pass,13
2023_DEMO_005,2023,6,32,DEMO,1,10,56,965,3,4,pass,pass,-4
2023_DEMO_005,2023,6,33,DEMO,2,10,78,880,7,4,pass,run,2
2023_DEMO_005,2023,6,34,DEMO,3,3,69,795,14,4,run,run,6
2023_DEMO_005,2023,6,35,DEMO,3,4,14,710,3,4,run,run,6
2023_DEMO_005,2023,6,36,DEMO,3,7,53,625,-3,4,run,pass,0
2023_DEMO_005,2023,6,37,DEMO,1,1,32,540,0,4,pass,run,2
2023_DEMO_005,2023,6,38,DEMO,3,10,80,455,14,4,run,run,10
2023_DEMO_005,2023,6,39,DEMO,1,3,7,370,-7,4,run,run,11
2023_DEMO_005,2023,6,40,DEMO,1,7,64,285,7,4,run,run,8
2023_DEMO_006,2023,7,1,DEMO,1,1,36,3600,-7,1,none,run,1
2023_DEMO_006,2023,7,2,DEMO,3,5,52,3515,-14,1,run,pass,22
2023_DEMO_006,2023,7,3,DEMO,1,5,50,3430,14,1,pass,run,-2
2023_DEMO_006,2023,7,4,DEMO,2,10,13,3345,-3,1,run,pass,0
2023_DEMO_006,2023,7,5,DEMO,2,1,17,3260,-7,1,pass,run,3
2023_DEMO_006,2023,7,6,DEMO,2,12,71,3175,-3,1,run,pass,7
2023_DEMO_006,2023,7,7,DEMO,3,10,49,3090,3,1,pass,pass,12
2023_DEMO_006,2023,7,8,DEMO,3,10,60,3005,14,1,pass,run,-1
2023_DEMO_006,2023,7,9,DEMO,2,10,77,2920,3,1,run,pass,17
2023_DEMO_006,2023,7,10,DEMO,2,10,86,2835,-3,1,pass,pass,5
2023_DEMO_006,2023,7,11,DEMO,1,10,54,2750,-3,2,pass,pass,0
2023_DEMO_006,2023,7,12,DEMO,1,3,29,2665,0,2,pass,run,-3
2023_DEMO_006,2023,7,13,DEMO,1,10,77,2580,-3,2,run,run,9
2023_DEMO_006,2023,7,14,DEMO,1,2,25,2495,14,2,run,pass,10
2023_DEMO_006,2023,7,15,DEMO,3,3,91,2410,0,2,pass,pass,2
2023_DEMO_006,2023,7,16,DEMO,3,6,83,2325,7,2,pass,run,11
2023_DEMO_006,2023,7,17,DEMO,1,10,75,2240,14,2,run,run,-5
2023_DEMO_006,2023,7,18,DEMO,2,6,72,2155,-7,2,run,run,8
2023_DEMO_006,2023,7,19,DEMO,2,10,36,2070,-7,2,run,run,-1
2023_DEMO_006,2023,7,20,DEMO,2,5,47,1985,3,2,run,pass,11
2023_DEMO_006,2023,7,21,DEMO,2,5,18,1900,14,3,pass,pass,0
2023_DEMO_006,2023,7,22,DEMO,3,4,64,1815,-7,3,pass,run,4
2023_DEMO_006,2023,7,23,DEMO,2,10,51,1730,0,3,run,run,1
2023_DEMO_006,2023,7,24,DEMO,1,3,84,1645,0,3,run,run,6
2023_DEMO_006,2023,7,25,DEMO,2,6,12,1560,0,3,run,pass,-12
2023_DEMO_006,2023,7,26,DEMO,1,6,20,1475,-3,3,pass,pass,21
2023_DEMO_006,2023,7,27,DEMO,2,7,80,1390,-7,3,pass,pass,6
2023_DEMO_006,2023,7,28,DEMO,1,3,81,1305,-3,3,pass,run,11
2023_DEMO_006,2023,7,29,DEMO,3,2,15,1220,-14,3,run,run,10
2023_DEMO_006,2023,7,30,DEMO,2,2,94,1135,7,3,run,pass,0
2023_DEMO_006,2023,7,31,DEMO,2,1,22,1050,-3,4,pass,run,5
2023_DEMO_006,2023,7,32,DEMO,1,12,94,965,-3,4,run,run,7
2023_DEMO_006,2023,7,33,DEMO,1,2,9,880,3,4,run,pass,0
2023_DEMO_006,2023,7,34,DEMO,1,4,26,795,0,4,pass,run,6
2023_DEMO_006,2023,7,35,DEMO,2,5,80,710,-3,4,run,run,-4
2023_DEMO_006,2023,7,36,DEMO,1,2,64,625,3,4,run,run,3
2023_DEMO_006,2023,7,37,DEMO,1,15,70,540,-14,4,run,pass,0
2023_DEMO_006,2023,7,38,DEMO,1,7,48,455,7,4,pass,pass,-12
2023_DEMO_006,2023,7,39,DEMO,1,12,95,370,14,4,pass,pass,15
2023_DEMO_006,2023,7,40,DEMO,1,5,90,285,-3,4,pass,pass,8
2023_DEMO_007,2023,8,1,DEMO,1,2,23,3600,-14,1,none,run,3
2023_DEMO_007,2023,8,2,DEMO,1,15,14,3515,-3,1,run,run,2
2023_DEMO_007,2023,8,3,DEMO,2,7,57,3430,-14,1,run,run,-1
2023_DEMO_007,2023,8,4,DEMO,2,12,75,3345,7,1,run,run,7
2023_DEMO_007,2023,8,5,DEMO,2,1,51,3260,-7,1,run,run,3
2023_DEMO_007,2023,8,6,DEMO,1,1,9,3175,14,1,run,run,4
2023_DEMO_007,2023,8,7,DEMO,2,12,55,3090,14,1,run,run,7
2023_DEMO_007,2023,8,8,DEMO,1,3,46,3005,7,1,run,run,1
2023_DEMO_007,2023,8,9,DEMO,3,10,94,2920,-7,1,run,pass,12
2023_DEMO_007,2023,8,10,DEMO,3,7,16,2835,0,1,pass,run,4
2023_DEMO_007,2023,8,11,DEMO,1,10,82,2750,0,2,run,run,6
2023_DEMO_007,2023,8,12,DEMO,3,15,28,2665,0,2,run,pass,0
2023_DEMO_007,2023,8,13,DEMO,1,6,83,2580,-3,2,pass,run,11
2023_DEMO_007,2023,8,14,DEMO,3,4,32,2495,-7,2,run,pass,18
2023_DEMO_007,2023,8,15,DEMO,2,10,40,2410,3,2,pass,pass,-9
2023_DEMO_007,2023,8,16,DEMO,1,15,10,2325,0,2,pass,run,-1
2023_DEMO_007,2023,8,17,DEMO,2,5,73,2240,14,2,run,run,4
2023_DEMO_007,2023,8,18,DEMO,2,2,65,2155,14,2,run,run,5
2023_DEMO_007,2023,8,19,DEMO,3,10,78,2070,-7,2,run,run,6
2023_DEMO_007,2023,8,20,DEMO,1,12,9,1985,14,2,run,pass,3
2023_DEMO_007,2023,8,21,DEMO,1,5,5,1900,3,3,pass,pass,0
2023_DEMO_007,2023,8,22,DEMO,3,4,55,1815,-14,3,pass,pass,11
2023_DEMO_007,2023,8,23,DEMO,3,10,58,1730,-14,3,pass,pass,2
2023_DEMO_007,2023,8,24,DEMO,3,12,44,1645,14,3,pass,pass,0
2023_DEMO_007,2023,8,25,DEMO,4,4,73,1560,7,3,pass,pass,21
2023_DEMO_007,2023,8,26,DEMO,1,15,47,1475,-7,3,pass,pass,0
2023_DEMO_007,2023,8,27,DEMO,2,2,47,1390,7,3,pass,pass,-8
2023_DEMO_007,2023,8,28,DEMO,1,15,38,1305,-7,3,pass,pass,-8
2023_DEMO_007,2023,8,29,DEMO,1,3,51,1220,-14,3,pass,run,9
2023_DEMO_007,2023,8,30,DEMO,1,10,93,1135,3,3,run,run,7
2023_DEMO_007,2023,8,31,DEMO,1,1,35,1050,-14,4,run,run,6
2023_DEMO_007,2023,8,32,DEMO,3,5,27,965,-14,4,run,run,2
2023_DEMO_007,2023,8,33,DEMO,3,10,64,880,3,4,run,pass,18
2023_DEMO_007,2023,8,34,DEMO,1,2,50,795,14,4,pass,pass,0
2023_DEMO_007,2023,8,35,DEMO,3,10,37,710,7,4,pass,pass,14
2023_DEMO_007,2023,8,36,DEMO,1,2,25,625,-7,4,pass,pass,-7
2023_DEMO_007,2023,8,37,DEMO,2,4,66,540,14,4,pass,run,13
2023_DEMO_007,2023,8,38,DEMO,3,7,18,455,14,4,run,pass,12
2023_DEMO_007,2023,8,39,DEMO,1,4,84,370,7,4,pass,run,-2
2023_DEMO_007,2023,8,40,DEMO,4,15,34,285,14,4,run,pass,1
2023_DEMO_008,2023,9,1,DEMO,2,10,54,3600,-3,1,none,run,5
2023_DEMO_008,2023,9,2,DEMO,2,1,78,3515,-3,1,run,pass,11
2023_DEMO_008,2023,9,3,DEMO,1,6,58,3430,7,1,pass,run,13
2023_DEMO_008,2023,9,4,DEMO,1,2,81,3345,3,1,run,run,3
2023_DEMO_008,2023,9,5,DEMO,1,3,65,3260,0,1,run,run,-3
2023_DEMO_008,2023,9,6,DEMO,1,1,86,3175,-3,1,run,run,2
2023_DEMO_008,2023,9,7,DEMO,2,7,42,3090,-14,1,run,run,8
2023_DEMO_008,2023,9,8,DEMO,3,3,94,3005,-3,1,run,run,6
2023_DEMO_008,2023,9,9,DEMO,4,5,48,2920,14,1,run,run,9
2023_DEMO_008,2023,9,10,DEMO,1,5,43,2835,0,1,run,pass,13
2023_DEMO_008,2023,9,11,DEMO,1,15,16,2750,14,2,pass,pass,5
2023_DEMO_008,2023,9,12,DEMO,1,5,47,2665,-3,2,pass,run,3
2023_DEMO_008,2023,9,13,DEMO,1,4,79,2580,14,2,run,pass,0
2023_DEMO_008,2023,9,14,DEMO,1,10,74,2495,14,2,pass,pass,25
2023_DEMO_008,2023,9,15,DEMO,2,10,89,2410,-3,2,pass,pass,1
2023_DEMO_008,2023,9,16,DEMO,3,5,58,2325,-14,2,pass,run,4
2023_DEMO_008,2023,9,17,DEMO,1,10,5,2240,-14,2,run,run,6
2023_DEMO_008,2023,9,18,DEMO,1,6,56,2155,3,2,run,pass,0
2023_DEMO_008,2023,9,19,DEMO,3,4,15,2070,-3,2,pass,pass,-8
2023_DEMO_008,2023,9,20,DEMO,2,1,65,1985,-7,2,pass,run,1
2023_DEMO_008,2023,9,21,DEMO,1,15,92,1900,3,3,run,pass,1
2023_DEMO_008,2023,9,22,DEMO,2,15,29,1815,0,3,pass,pass,0
2023_DEMO_008,2023,9,23,DEMO,1,12,54,1730,-7,3,pass,run,-4
2023_DEMO_008,2023,9,24,DEMO,1,3,56,1645,3,3,run,run,1
2023_DEMO_008,2023,9,25,DEMO,2,2,95,1560,0,3,run,run,3
2023_DEMO_008,2023,9,26,DEMO,2,1,19,1475,0,3,run,run,4
2023_DEMO_008,2023,9,27,DEMO,2,12,79,1390,-14,3,run,run,-3
2023_DEMO_008,2023,9,28,DEMO,1,15,10,1305,-7,3,run,run,4
2023_DEMO_008,2023,9,29,DEMO,2,3,32,1220,-3,3,run,run,-3
2023_DEMO_008,2023,9,30,DEMO,2,12,31,1135,7,3,run,pass,1
2023_DEMO_008,2023,9,31,DEMO,2,3,87,1050,14,4,pass,pass,13
2023_DEMO_008,2023,9,32,DEMO,4,7,89,965,3,4,pass,pass,12
2023_DEMO_008,2023,9,33,DEMO,1,6,29,880,14,4,pass,run,11
2023_DEMO_008,2023,9,34,DEMO,3,4,67,795,0,4,run,run,1
2023_DEMO_008,2023,9,35,DEMO,2,3,12,710,14,4,run,run,6
2023_DEMO_008,2023,9,36,DEMO,1,10,72,625,-3,4,run,pass,0
2023_DEMO_008,2023,9,37,DEMO,1,5,40,540,-7,4,pass,pass,0
2023_DEMO_008,2023,9,38,DEMO,3,10,13,455,3,4,pass,pass,0
2023_DEMO_008,2023,9,39,DEMO,1,4,93,370,14,4,pass,run,0
2023_DEMO_008,2023,9,40,DEMO,1,4,61,285,-7,4,run,pass,0
2023_DEMO_009,2023,10,1,DEMO,2,4,75,3600,3,1,none,run,5
2023_DEMO_009,2023,10,2,DEMO,1,5,52,3515,3,1,run,run,12
2023_DEMO_009,2023,10,3,DEMO,2,5,56,3430,-14,1,run,pass,19
2023_DEMO_009,2023,10,4,DEMO,1,5,37,3345,14,1,pass,run,15
2023_DEMO_009,2023,10,5,DEMO,3,10,72,3260,-7,1,run,run,2
2023_DEMO_009,2023,10,6,DEMO,4,1,24,3175,-14,1,run,pass,-2
2023_DEMO_009,2023,10,7,DEMO,1,4,28,3090,-14,1,pass,run,2
2023_DEMO_009,2023,10,8,DEMO,2,7,37,3005,7,1,run,run,-1
2023_DEMO_009,2023,10,9,DEMO,2,10,77,2920,3,1,run,run,1
2023_DEMO_009,2023,10,10,DEMO,1,10,30,2835,-7,1,run,pass,-1
2023_DEMO_009,2023,10,11,DEMO,2,10,34,2750,0,2,pass,run,10
2023_DEMO_009,2023,10,12,DEMO,1,2,18,2665,3,2,run,run,5
2023_DEMO_009,2023,10,13,DEMO,1,7,73,2580,7,2,run,pass,26
2023_DEMO_009,2023,10,14,DEMO,4,10,22,2495,-7,2,pass,pass,0
2023_DEMO_009,2023,10,15,DEMO,1,5,6,2410,3,2,pass,run,11
2023_DEMO_009,2023,10,16,DEMO,3,4,16,2325,-3,2,run,run,4
2023_DEMO_009,2023,10,17,DEMO,2,2,37,2240,14,2,run,run,4
2023_DEMO_009,2023,10,18,DEMO,1,10,93,2155,-3,2,run,run,-6
2023_DEMO_009,2023,10,19,DEMO,2,15,5,2070,14,2,run,run,13
2023_DEMO_009,2023,10,20,DEMO,3,2,16,1985,3,2,run,run,4
2023_DEMO_009,2023,10,21,DEMO,3,5,5,1900,0,3,run,run,11
2023_DEMO_009,2023,10,22,DEMO,2,3,8,1815,7,3,run,pass,2
2023_DEMO_009,2023,10,23,DEMO,1,5,29,1730,-7,3,pass,run,5
2023_DEMO_009,2023,10,24,DEMO,1,4,30,1645,-7,3,run,pass,0
2023_DEMO_009,2023,10,25,DEMO,2,10,22,1560,-14,3,pass,pass,11
2023_DEMO_009,2023,10,26,DEMO,1,12,43,1475,14,3,pass,run,5
2023_DEMO_009,2023,10,27,DEMO,3,10,53,1390,-14,3,run,pass,0
2023_DEMO_009,2023,10,28,DEMO,1,7,18,1305,-14,3,pass,run,6
2023_DEMO_009,2023,10,29,DEMO,1,3,58,1220,-14,3,run,run,4
2023_DEMO_009,2023,10,30,DEMO,2,15,76,1135,7,3,run,run,2
2023_DEMO_009,2023,10,31,DEMO,3,10,79,1050,-3,4,run,run,13
2023_DEMO_009,2023,10,32,DEMO,2,10,32,965,0,4,run,pass,34
2023_DEMO_009,2023,10,33,DEMO,3,5,45,880,-3,4,pass,pass,14
2023_DEMO_009,2023,10,34,DEMO,1,5,53,795,14,4,pass,run,-4
2023_DEMO_009,2023,10,35,DEMO,3,10,19,710,14,4,run,run,7
2023_DEMO_009,2023,10,36,DEMO,2,2,76,625,0,4,run,run,2
2023_DEMO_009,2023,10,37,DEMO,2,15,22,540,-14,4,run,pass,9
2023_DEMO_009,2023,10,38,DEMO,3,10,82,455,3,4,pass,run,7
2023_DEMO_009,2023,10,39,DEMO,1,10,15,370,-3,4,run,pass,0
2023_DEMO_009,2023,10,40,DEMO,1,10,22,285,14,4,pass,pass,12
2023_DEMO_010,2023,11,1,DEMO,3,4,94,3600,7,1,none,pass,0
2023_DEMO_010,2023,11,2,DEMO,2,7,86,3515,3,1,pass,pass,4
2023_DEMO_010,2023,11,3,DEMO,2,12,40,3430,14,1,pass,pass,0
2023_DEMO_010,2023,11,4,DEMO,1,1,90,3345,7,1,pass,pass,16
2023_DEMO_010,2023,11,5,DEMO,3,12,79,3260,-14,1,pass,pass,0
2023_DEMO_010,2023,11,6,DEMO,3,2,61,3175,14,1,pass,run,5
2023_DEMO_010,2023,11,7,DEMO,2,1,85,3090,7,1,run,run,7
2023_DEMO_010,2023,11,8,DEMO,1,7,91,3005,-14,1,run,run,5
2023_DEMO_010,2023,11,9,DEMO,2,5,42,2920,-3,1,run,pass,16
2023_DEMO_010,2023,11,10,DEMO,2,5,67,2835,3,1,pass,run,10
2023_DEMO_010,2023,11,11,DEMO,1,3,41,2750,3,2,run,run,9
2023_DEMO_010,2023,11,12,DEMO,1,7,64,2665,-14,2,run,pass,0
2023_DEMO_010,2023,11,13,DEMO,2,4,53,2580,-3,2,pass,run,6
2023_DEMO_010,2023,11,14,DEMO,1,15,71,2495,-3,2,run,run,0
2023_DEMO_010,2023,11,15,DEMO,1,3,39,2410,3,2,run,run,8
2023_DEMO_010,2023,11,16,DEMO,1,12,11,2325,-3,2,run,pass,0
2023_DEMO_010,2023,11,17,DEMO,2,15,10,2240,3,2,pass,run,3
2023_DEMO_010,2023,11,18,DEMO,1,7,82,2155,14,2,run,run,3
2023_DEMO_010,2023,11,19,DEMO,2,6,7,2070,14,2,run,run,-3
2023_DEMO_010,2023,11,20,DEMO,3,3,21,1985,-14,2,run,pass,-8
2023_DEMO_010,2023,11,21,DEMO,3,7,37,1900,14,3,pass,pass,21
2023_DEMO_010,2023,11,22,DEMO,1,15,38,1815,14,3,pass,run,1
2023_DEMO_010,2023,11,23,DEMO,2,10,68,1730,-7,3,run,pass,9
2023_DEMO_010,2023,11,24,DEMO,1,5,36,1645,-7,3,pass,run,-1
2023_DEMO_010,2023,11,25,DEMO,1,7,84,1560,7,3,run,run,7
2023_DEMO_010,2023,11,26,DEMO,2,15,44,1475,0,3,run,pass,0
2023_DEMO_010,2023,11,27,DEMO,3,15,21,1390,-3,3,pass,pass,19
2023_DEMO_010,2023,11,28,DEMO,2,2,44,1305,14,3,pass,run,3
2023_DEMO_010,2023,11,29,DEMO,1,12,54,1220,-7,3,run,pass,9
2023_DEMO_010,2023,11,30,DEMO,3,1,28,1135,0,3,pass,run,4
2023_DEMO_010,2023,11,31,DEMO,2,3,42,1050,-7,4,run,run,0
2023_DEMO_010,2023,11,32,DEMO,3,1,90,965,-14,4,run,run,2
2023_DEMO_010,2023,11,33,DEMO,3,10,78,880,14,4,run,pass,23
2023_DEMO_010,2023,11,34,DEMO,1,4,18,795,-3,4,pass,pass,-8
2023_DEMO_010,2023,11,35,DEMO,1,15,22,710,0,4,pass,pass,7
2023_DEMO_010,2023,11,36,DEMO,2,6,9,625,-3,4,pass,run,13
2023_DEMO_010,2023,11,37,DEMO,1,4,31,540,14,4,run,run,8
2023_DEMO_010,2023,11,38,DEMO,1,10,37,455,3,4,run,pass,3
2023_DEMO_010,2023,11,39,DEMO,1,2,16,370,-14,4,pass,run,6
2023_DEMO_010,2023,11,40,DEMO,2,10,20,285,3,4,run,pass,9
2023_DEMO_011,2023,12,1,DEMO,2,10,32,3600,-7,1,none,pass,12
2023_DEMO_011,2023,12,2,DEMO,1,7,9,3515,7,1,pass,pass,0
2023_DEMO_011,2023,12,3,DEMO,3,10,68,3430,14,1,pass,run,6
2023_DEMO_011,2023,12,4,DEMO,3,7,75,3345,7,1,run,run,4
2023_DEMO_011,2023,12,5,DEMO,3,1,28,3260,-7,1,run,run,6
2023_DEMO_011,2023,12,6,DEMO,1,7,19,3175,3,1,run,pass,8
2023_DEMO_011,2023,12,7,DEMO,3,4,93,3090,0,1,pass,pass,-6
2023_DEMO_011,2023,12,8,DEMO,3,10,20,3005,7,1,pass,run,5
2023_DEMO_011,2023,12,9,DEMO,3,10,92,2920,-7,1,run,pass,-2
2023_DEMO_011,2023,12,10,DEMO,1,10,14,2835,14,1,pass,pass,24
2023_DEMO_011,2023,12,11,DEMO,3,5,18,2750,3,2,pass,pass,0
2023_DEMO_011,2023,12,12,DEMO,2,6,8,2665,3,2,pass,pass,14
2023_DEMO_011,2023,12,13,DEMO,1,4,82,2580,3,2,pass,run,12
2023_DEMO_011,2023,12,14,DEMO,1,10,40,2495,-3,2,run,pass,0
2023_DEMO_011,2023,12,15,DEMO,1,1,94,2410,7,2,pass,run,3
2023_DEMO_011,2023,12,16,DEMO,1,15,10,2325,14,2,run,run,10
2023_DEMO_011,2023,12,17,DEMO,1,6,35,2240,0,2,run,run,-6
2023_DEMO_011,2023,12,18,DEMO,3,10,93,2155,-14,2,run,pass,0
2023_DEMO_011,2023,12,19,DEMO,3,1,10,2070,-7,2,pass,run,10
2023_DEMO_011,2023,12,20,DEMO,1,4,51,1985,0,2,run,run,-2
2023_DEMO_011,2023,12,21,DEMO,3,7,24,1900,7,3,run,pass,-2
2023_DEMO_011,2023,12,22,DEMO,3,2,27,1815,14,3,pass,pass,-2
2023_DEMO_011,2023,12,23,DEMO,2,3,60,1730,3,3,pass,pass,22
2023_DEMO_011,2023,12,24,DEMO,2,10,87,1645,-7,3,pass,pass,12
2023_DEMO_011,2023,12,25,DEMO,3,2,35,1560,-3,3,pass,run,1
2023_DEMO_011,2023,12,26,DEMO,1,10,62,1475,14,3,run,pass,0
2023_DEMO_011,2023,12,27,DEMO,2,12,75,1390,7,3,pass,run,5
2023_DEMO_011,2023,12,28,DEMO,1,6,83,1305,7,3,run,pass,0
2023_DEMO_011,2023,12,29,DEMO,1,15,93,1220,-14,3,pass,pass,0
2023_DEMO_011,2023,12,30,DEMO,1,10,79,1135,7,3,pass,pass,0
2023_DEMO_011,2023,12,31,DEMO,2,1,62,1050,-3,4,pass,run,5
2023_DEMO_011,2023,12,32,DEMO,1,10,95,965,3,4,run,run,-1
2023_DEMO_011,2023,12,33,DEMO,2,7,89,880,-3,4,run,run,-1
2023_DEMO_011,2023,12,34,DEMO,2,10,91,795,7,4,run,run,6
2023_DEMO_011,2023,12,35,DEMO,2,3,73,710,14,4,run,run,3
2023_DEMO_011,2023,12,36,DEMO,1,10,36,625,-7,4,run,pass,0
2023_DEMO_011,2023,12,37,DEMO,1,10,44,540,3,4,pass,run,7
2023_DEMO_011,2023,12,38,DEMO,1,4,18,455,-7,4,run,run,4
2023_DEMO_011,2023,12,39,DEMO,3,4,42,370,14,4,run,pass,-1
2023_DEMO_011,2023,12,40,DEMO,3,7,84,285,7,4,pass,pass,15
2024_DEMO_000,2024,1,1,DEMO,1,12,20,3600,0,1,none,run,6
2024_DEMO_000,2024,1,2,DEMO,2,15,32,3515,-3,1,run,run,4
2024_DEMO_000,2024,1,3,DEMO,4,4,71,3430,3,1,run,pass,2
2024_DEMO_000,2024,1,4,DEMO,1,10,22,3345,7,1,pass,run,2
2024_DEMO_000,2024,1,5,DEMO,3,5,5,3260,-3,1,run,run,6
2024_DEMO_000,2024,1,6,DEMO,1,15,77,3175,3,1,run,run,3
2024_DEMO_000,2024,1,7,DEMO,1,3,56,3090,3,1,run,run,2
2024_DEMO_000,2024,1,8,DEMO,2,2,75,3005,0,1,run,run,4
2024_DEMO_000,2024,1,9,DEMO,1,12,14,2920,14,1,run,pass,10
2024_DEMO_000,2024,1,10,DEMO,3,3,29,2835,14,1,pass,run,2
2024_DEMO_000,2024,1,11,DEMO,2,2,37,2750,14,2,run,run,4
2024_DEMO_000,2024,1,12,DEMO,1,5,70,2665,-3,2,run,run,10
2024_DEMO_000,2024,1,13,DEMO,1,1,26,2580,0,2,run,run,11
2024_DEMO_000,2024,1,14,DEMO,2,10,55,2495,0,2,run,pass,0
2024_DEMO_000,2024,1,15,DEMO,3,7,69,2410,-7,2,pass,pass,9
2024_DEMO_000,2024,1,16,DEMO,3,6,8,2325,-14,2,pass,run,3
2024_DEMO_000,2024,1,17,DEMO,2,2,42,2240,7,2,run,run,6
2024_DEMO_000,2024,1,18,DEMO,3,6,11,2155,0,2,run,pass,0
2024_DEMO_000,2024,1,19,DEMO,2,4,79,2070,0,2,pass,run,3
2024_DEMO_000,2024,1,20,DEMO,1,12,40,1985,-3,2,run,pass,6
2024_DEMO_000,2024,1,21,DEMO,2,5,55,1900,-7,3,pass,pass,19
2024_DEMO_000,2024,1,22,DEMO,3,7,90,1815,-7,3,pass,pass,-1
2024_DEMO_000,2024,1,23,DEMO,2,2,67,1730,7,3,pass,run,0
2024_DEMO_000,2024,1,24,DEMO,1,3,77,1645,7,3,run,run,5
2024_DEMO_000,2024,1,25,DEMO,1,5,7,1560,0,3,run,run,3
2024_DEMO_000,2024,1,26,DEMO,4,4,30,1475,0,3,run,pass,2
2024_DEMO_000,2024,1,27,DEMO,3,6,50,1390,7,3,pass,run,7
2024_DEMO_000,2024,1,28,DEMO,1,10,74,1305,-14,3,run,pass,0
2024_DEMO_000,2024,1,29,DEMO,4,3,91,1220,-14,3,pass,pass,0
2024_DEMO_000,2024,1,30,DEMO,1,4,59,1135,-7,3,pass,run,14
2024_DEMO_000,2024,1,31,DEMO,4,6,21,1050,0,4,run,pass,6
2024_DEMO_000,2024,1,32,DEMO,1,2,90,965,3,4,pass,run,6
2024_DEMO_000,2024,1,33,DEMO,1,1,26,880,14,4,run,run,13
2024_DEMO_000,2024,1,34,DEMO,1,1,17,795,0,4,run,run,7
2024_DEMO_000,2024,1,35,DEMO,4,4,62,710,-7,4,run,run,7
2024_DEMO_000,2024,1,36,DEMO,2,3,64,625,7,4,run,run,0
2024_DEMO_000,2024,1,37,DEMO,2,3,28,540,-14,4,run,pass,0
2024_DEMO_000,2024,1,38,DEMO,1,10,80,455,3,4,pass,run,7
2024_DEMO_000,2024,1,39,DEMO,2,7,26,370,3,4,run,run,6
2024_DEMO_000,2024,1,40,DEMO,2,10,92,285,3,4,run,pass,13
2024_DEMO_001,2024,2,1,DEMO,3,4,19,3600,14,1,none,run,2
2024_DEMO_001,2024,2,2,DEMO,2,6,57,3515,-14,1,run,pass,-6
2024_DEMO_001,2024,2,3,DEMO,2,15,80,3430,3,1,pass,run,7
2024_DEMO_001,2024,2,4,DEMO,2,12,20,3345,0,1,run,run,13
2024_DEMO_001,2024,2,5,DEMO,2,7,71,3260,14,1,run,run,8
2024_DEMO_001,2024,2,6,DEMO,3,1,51,3175,14,1,run,pass,23
2024_DEMO_001,2024,2,7,DEMO,1,12,49,3090,-3,1,pass,run,9
2024_DEMO_001,2024,2,8,DEMO,1,7,91,3005,14,1,run,run,9
2024_DEMO_001,2024,2,9,DEMO,4,2,92,2920,-3,1,run,run,5
2024_DEMO_001,2024,2,10,DEMO,1,2,71,2835,7,1,run,run,10
2024_DEMO_001,2024,2,11,DEMO,1,10,55,2750,0,2,run,run,16
2024_DEMO_001,2024,2,12,DEMO,3,10,80,2665,3,2,run,run,4
2024_DEMO_001,2024,2,13,DEMO,2,5,74,2580,14,2,run,pass,0
2024_DEMO_001,2024,2,14,DEMO,3,1,47,2495,14,2,pass,pass,18
2024_DEMO_001,2024,2,15,DEMO,2,12,74,2410,0,2,pass,run,-1
2024_DEMO_001,2024,2,16,DEMO,2,5,87,2325,-7,2,run,pass,1
2024_DEMO_001,2024,2,17,DEMO,3,10,70,2240,3,2,pass,run,2
2024_DEMO_001,2024,2,18,DEMO,2,10,69,2155,0,2,run,run,1
2024_DEMO_001,2024,2,19,DEMO,3,1,93,2070,7,2,run,run,3
2024_DEMO_001,2024,2,20,DEMO,3,7,62,1985,0,2,run,pass,13
2024_DEMO_001,2024,2,21,DEMO,4,3,8,1900,3,3,pass,pass,19
2024_DEMO_001,2024,2,22,DEMO,2,12,64,1815,0,3,pass,pass,14
2024_DEMO_001,2024,2,23,DEMO,2,10,78,1730,0,3,pass,pass,18
2024_DEMO_001,2024,2,24,DEMO,1,10,30,1645,0,3,pass,run,12
2024_DEMO_001,2024,2,25,DEMO,1,12,73,1560,-3,3,run,run,11
2024_DEMO_001,2024,2,26,DEMO,2,4,52,1475,-14,3,run,run,4
2024_DEMO_001,2024,2,27,DEMO,3,12,51,1390,14,3,run,run,0
2024_DEMO_001,2024,2,28,DEMO,2,10,9,1305,-14,3,run,pass,0
2024_DEMO_001,2024,2,29,DEMO,3,3,48,1220,14,3,pass,pass,0
2024_DEMO_001,2024,2,30,DEMO,3,7,63,1135,3,3,pass,pass,0
2024_DEMO_001,2024,2,31,DEMO,3,10,42,1050,-7,4,pass,pass,17
2024_DEMO_001,2024,2,32,DEMO,1,10,78,965,14,4,pass,pass,21
2024_DEMO_001,2024,2,33,DEMO,1,10,18,880,-3,4,pass,pass,0
2024_DEMO_001,2024,2,34,DEMO,2,6,28,795,3,4,pass,run,-2
2024_DEMO_001,2024,2,35,DEMO,2,10,27,710,-3,4,run,pass,19
2024_DEMO_001,2024,2,36,DEMO,1,15,33,625,-3,4,pass,pass,28
2024_DEMO_001,2024,2,37,DEMO,1,4,69,540,-14,4,pass,run,1
2024_DEMO_001,2024,2,38,DEMO,3,10,71,455,-3,4,run,run,7
2024_DEMO_001,2024,2,39,DEMO,3,10,46,370,-14,4,run,pass,10
2024_DEMO_001,2024,2,40,DEMO,1,1,29,285,-3,4,pass,run,1
2024_DEMO_002,2024,3,1,DEMO,1,12,70,3600,14,1,none,run,6
2024_DEMO_002,2024,3,2,DEMO,2,10,26,3515,-14,1,run,pass,7
2024_DEMO_002,2024,3,3,DEMO,1,4,39,3430,14,1,pass,pass,10
2024_DEMO_002,2024,3,4,DEMO,1,10,18,3345,-3,1,pass,run,8
2024_DEMO_002,2024,3,5,DEMO,1,4,27,3260,-3,1,run,run,5
2024_DEMO_002,2024,3,6,DEMO,2,10,17,3175,-7,1,run,run,9
2024_DEMO_002,2024,3,7,DEMO,2,6,10,3090,-14,1,run,run,4
2024_DEMO_002,2024,3,8,DEMO,2,12,18,3005,-3,1,run,run,13
2024_DEMO_002,2024,3,9,DEMO,3,1,50,2920,-7,1,run,run,-4
2024_DEMO_002,2024,3,10,DEMO,1,10,72,2835,0,1,run,run,-3
2024_DEMO_002,2024,3,11,DEMO,2,3,66,2750,-14,2,run,pass,0
2024_DEMO_002,2024,3,12,DEMO,3,10,76,2665,14,2,pass,run,-3
2024_DEMO_002,2024,3,13,DEMO,3,10,59,2580,0,2,run,pass,19
2024_DEMO_002,2024,3,14,DEMO,3,10,58,2495,14,2,pass,run,1
2024_DEMO_002,2024,3,15,DEMO,3,3,68,2410,7,2,run,run,3
2024_DEMO_002,2024,3,16,DEMO,1,15,90,2325,-3,2,run,run,1
2024_DEMO_002,2024,3,17,DEMO,3,6,83,2240,-3,2,run,pass,0
2024_DEMO_002,2024,3,18,DEMO,3,2,15,2155,14,2,pass,run,10
2024_DEMO_002,2024,3,19,DEMO,4,1,22,2070,14,2,run,pass,0
2024_DEMO_002,2024,3,20,DEMO,1,5,52,1985,7,2,pass,pass,11
2024_DEMO_002,2024,3,21,DEMO,1,2,46,1900,14,3,pass,run,16
2024_DEMO_002,2024,3,22,DEMO,1,6,48,1815,0,3,run,pass,0
2024_DEMO_002,2024,3,23,DEMO,2,10,28,1730,7,3,pass,pass,0
2024_DEMO_002,2024,3,24,DEMO,3,10,83,1645,0,3,pass,pass,7
2024_DEMO_002,2024,3,25,DEMO,3,15,33,1560,0,3,pass,pass,4
2024_DEMO_002,2024,3,26,DEMO,2,5,87,1475,0,3,pass,pass,0
2024_DEMO_002,2024,3,27,DEMO,1,10,95,1390,-7,3,pass,run,2
2024_DEMO_002,2024,3,28,DEMO,1,4,27,1305,7,3,run,run,15
2024_DEMO_002,2024,3,29,DEMO,3,15,22,1220,-7,3,run,run,9
2024_DEMO_002,2024,3,30,DEMO,3,12,5,1135,7,3,run,pass,0
2024_DEMO_002,2024,3,31,DEMO,1,1,16,1050,3,4,pass,run,9
2024_DEMO_002,2024,3,32,DEMO,1,3,31,965,7,4,run,run,1
2024_DEMO_002,2024,3,33,DEMO,3,7,71,880,7,4,run,pass,18
2024_DEMO_002,2024,3,34,DEMO,3,6,66,795,0,4,pass,pass,0
2024_DEMO_002,2024,3,35,DEMO,2,7,24,710,14,4,pass,run,9
2024_DEMO_002,2024,3,36,DEMO,1,3,84,625,-14,4,run,run,5
2024_DEMO_002,2024,3,37,DEMO,2,12,75,540,-7,4,run,run,-2
2024_DEMO_002,2024,3,38,DEMO,1,10,28,455,7,4,run,pass,0
2024_DEMO_002,2024,3,39,DEMO,2,2,63,370,7,4,pass,pass,7
2024_DEMO_002,2024,3,40,DEMO,2,10,28,285,14,4,pass,run,1
2024_DEMO_003,2024,4,1,DEMO,1,3,24,3600,3,1,none,run,7
2024_DEMO_003,2024,4,2,DEMO,1,3,17,3515,7,1,run,run,3
2024_DEMO_003,2024,4,3,DEMO,1,10,14,3430,7,1,run,run,2
2024_DEMO_003,2024,4,4,DEMO,3,6,88,3345,-3,1,run,run,4
2024_DEMO_003,2024,4,5,DEMO,1,10,74,3260,-7,1,run,run,8
2024_DEMO_003,2024,4,6,DEMO,1,15,87,3175,0,1,run,run,3
2024_DEMO_003,2024,4,7,DEMO,3,4,25,3090,14,1,run,run,4
2024_DEMO_003,2024,4,8,DEMO,1,5,78,3005,14,1,run,run,5
2024_DEMO_003,2024,4,9,DEMO,2,15,19,2920,-7,1,run,run,-3
2024_DEMO_003,2024,4,10,DEMO,2,1,28,2835,3,1,run,run,-1
2024_DEMO_003,2024,4,11,DEMO,1,1,47,2750,-7,2,run,run,-2
2024_DEMO_003,2024,4,12,DEMO,3,15,19,2665,-7,2,run,pass,0
2024_DEMO_003,2024,4,13,DEMO,1,10,76,2580,3,2,pass,pass,0
2024_DEMO_003,2024,4,14,DEMO,3,2,22,2495,14,2,pass,run,3
2024_DEMO_003,2024,4,15,DEMO,1,4,27,2410,-14,2,run,run,-3
2024_DEMO_003,2024,4,16,DEMO,1,10,67,2325,3,2,run,run,2
2024_DEMO_003,2024,4,17,DEMO,2,10,61,2240,-3,2,run,run,0
2024_DEMO_003,2024,4,18,DEMO,2,15,95,2155,-3,2,run,run,2
2024_DEMO_003,2024,4,19,DEMO,2,1,10,2070,-7,2,run,pass,14
2024_DEMO_003,2024,4,20,DEMO,1,7,87,1985,-14,2,pass,run,8
2024_DEMO_003,2024,4,21,DEMO,1,2,49,1900,14,3,run,run,0
2024_DEMO_003,2024,4,22,DEMO,3,15,78,1815,14,3,run,pass,5
2024_DEMO_003,2024,4,23,DEMO,3,10,49,1730,7,3,pass,pass,0
2024_DEMO_003,2024,4,24,DEMO,2,12,70,1645,-7,3,pass,pass,4
2024_DEMO_003,2024,4,25,DEMO,3,10,58,1560,0,3,pass,pass,-4
2024_DEMO_003,2024,4,26,DEMO,1,7,11,1475,7,3,pass,pass,0
2024_DEMO_003,2024,4,27,DEMO,1,2,92,1390,7,3,pass,run,4
2024_DEMO_003,2024,4,28,DEMO,1,12,22,1305,-14,3,run,pass,6
2024_DEMO_003,2024,4,29,DEMO,1,2,21,1220,-7,3,pass,pass,5
2024_DEMO_003,2024,4,30,DEMO,1,3,48,1135,7,3,pass,run,0
2024_DEMO_003,2024,4,31,DEMO,1,10,32,1050,-14,4,run,pass,0
2024_DEMO_003,2024,4,32,DEMO,1,4,73,965,-14,4,pass,run,4
2024_DEMO_003,2024,4,33,DEMO,2,12,43,880,14,4,run,run,9
2024_DEMO_003,2024,4,34,DEMO,1,2,41,795,-14,4,run,run,11
2024_DEMO_003,2024,4,35,DEMO,2,12,72,710,-7,4,run,run,8
2024_DEMO_003,2024,4,36,DEMO,1,3,24,625,3,4,run,run,0
2024_DEMO_003,2024,4,37,DEMO,1,10,29,540,7,4,run,run,9
2024_DEMO_003,2024,4,38,DEMO,1,2,88,455,-14,4,run,run,4
2024_DEMO_003,2024,4,39,DEMO,1,12,77,370,3,4,run,pass,-6
2024_DEMO_003,2024,4,40,DEMO,3,4,63,285,-14,4,pass,pass,0
2024_DEMO_004,2024,5,1,DEMO,3,10,46,3600,3,1,none,pass,0
2024_DEMO_004,2024,5,2,DEMO,3,4,8,3515,-3,1,pass,run,0
2024_DEMO_004,2024,5,3,DEMO,3,3,8,3430,-7,1,run,run,9
2024_DEMO_004,2024,5,4,DEMO,1,3,66,3345,-7,1,run,run,2
2024_DEMO_004,2024,5,5,DEMO,1,3,81,3260,3,1,run,pass,18
2024_DEMO_004,2024,5,6,DEMO,3,1,57,3175,-7,1,pass,pass,6
2024_DEMO_004,2024,5,7,DEMO,2,2,48,3090,-3,1,pass,run,10
2024_DEMO_004,2024,5,8,DEMO,2,12,5,3005,-7,1,run,run,-2
2024_DEMO_004,2024,5,9,DEMO,3,1,36,2920,-14,1,run,pass,16
2024_DEMO_004,2024,5,10,DEMO,2,12,62,2835,-3,1,pass,pass,3
2024_DEMO_004,2024,5,11,DEMO,2,6,61,2750,3,2,pass,run,9
2024_DEMO_004,2024,5,12,DEMO,2,3,36,2665,-3,2,run,run,4
2024_DEMO_004,2024,5,13,DEMO,1,5,64,2580,0,2,run,pass,0
2024_DEMO_004,2024,5,14,DEMO,1,2,70,2495,-14,2,pass,pass,0
2024_DEMO_004,2024,5,15,DEMO,3,7,75,2410,-7,2,pass,pass,9
2024_DEMO_004,2024,5,16,DEMO,1,10,10,2325,3,2,pass,pass,0
2024_DEMO_004,2024,5,17,DEMO,2,6,62,2240,-14,2,pass,pass,0
2024_DEMO_004,2024,5,18,DEMO,2,6,95,2155,-14,2,pass,pass,0
2024_DEMO_004,2024,5,19,DEMO,1,10,18,2070,-7,2,pass,pass,5
2024_DEMO_004,2024,5,20,DEMO,1,1,41,1985,-3,2,pass,run,10
2024_DEMO_004,2024,5,21,DEMO,1,7,27,1900,-14,3,run,run,3
2024_DEMO_004,2024,5,22,DEMO,1,10,60,1815,-7,3,run,pass,4
2024_DEMO_004,2024,5,23,DEMO,2,10,37,1730,0,3,pass,pass,0
2024_DEMO_004,2024,5,24,DEMO,1,4,90,1645,14,3,pass,run,0
2024_DEMO_004,2024,5,25,DEMO,1,7,25,1560,14,3,run,run,14
2024_DEMO_004,2024,5,26,DEMO,3,7,60,1475,14,3,run,pass,1
2024_DEMO_004,2024,5,27,DEMO,1,4,22,1390,7,3,pass,run,6
2024_DEMO_004,2024,5,28,DEMO,1,7,59,1305,-14,3,run,pass,9
2024_DEMO_004,2024,5,29,DEMO,2,2,19,1220,-14,3,pass,pass,-11
2024_DEMO_004,2024,5,30,DEMO,1,15,88,1135,-3,3,pass,pass,13
2024_DEMO_004,2024,5,31,DEMO,3,2,77,1050,14,4,pass,run,3
2024_DEMO_004,2024,5,32,DEMO,2,6,36,965,7,4,run,run,-2
2024_DEMO_004,2024,5,33,DEMO,1,3,10,880,-3,4,run,run,-4
2024_DEMO_004,2024,5,34,DEMO,1,10,68,795,0,4,run,run,4
2024_DEMO_004,2024,5,35,DEMO,2,10,86,710,-7,4,run,run,6
2024_DEMO_004,2024,5,36,DEMO,2,7,53,625,3,4,run,run,10
2024_DEMO_004,2024,5,37,DEMO,1,7,53,540,-14,4,run,pass,18
2024_DEMO_004,2024,5,38,DEMO,2,4,34,455,14,4,pass,pass,5
2024_DEMO_004,2024,5,39,DEMO,1,15,93,370,3,4,pass,run,-1
2024_DEMO_004,2024,5,40,DEMO,3,10,62,285,14,4,run,pass,2
2024_DEMO_005,2024,6,1,DEMO,3,3,60,3600,14,1,none,run,4
2024_DEMO_005,2024,6,2,DEMO,2,10,63,3515,14,1,run,run,4
2024_DEMO_005,2024,6,3,DEMO,3,2,16,3430,0,1,run,pass,0
2024_DEMO_005,2024,6,4,DEMO,2,1,85,3345,14,1,pass,run,4
2024_DEMO_005,2024,6,5,DEMO,3,10,15,3260,-7,1,run,pass,26
2024_DEMO_005,2024,6,6,DEMO,2,10,81,3175,3,1,pass,run,5
2024_DEMO_005,2024,6,7,DEMO,1,2,15,3090,0,1,run,run,-1
2024_DEMO_005,2024,6,8,DEMO,2,10,69,3005,7,1,run,run,3
2024_DEMO_005,2024,6,9,DEMO,1,2,74,2920,0,1,run,run,11
2024_DEMO_005,2024,6,10,DEMO,1,3,25,2835,14,1,run,run,13
2024_DEMO_005,2024,6,11,DEMO,2,15,34,2750,3,2,run,run,1
2024_DEMO_005,2024,6,12,DEMO,4,6,61,2665,-14,2,run,pass,0
2024_DEMO_005,2024,6,13,DEMO,1,10,10,2580,0,2,pass,pass,23
2024_DEMO_005,2024,6,14,DEMO,3,7,77,2495,-14,2,pass,pass,18
2024_DEMO_005,2024,6,15,DEMO,3,12,15,2410,-7,2,pass,pass,11
2024_DEMO_005,2024,6,16,DEMO,1,12,59,2325,3,2,pass,run,1
2024_DEMO_005,2024,6,17,DEMO,1,15,55,2240,3,2,run,run,0
2024_DEMO_005,2024,6,18,DEMO,2,1,39,2155,-14,2,run,run,-3
2024_DEMO_005,2024,6,19,DEMO,1,2,38,2070,14,2,run,pass,16
2024_DEMO_005,2024,6,20,DEMO,2,10,87,1985,-7,2,pass,pass,0
2024_DEMO_005,2024,6,21,DEMO,3,15,75,1900,3,3,pass,pass,15
2024_DEMO_005,2024,6,22,DEMO,1,10,79,1815,14,3,pass,run,1
2024_DEMO_005,2024,6,23,DEMO,1,12,10,1730,3,3,run,run,-1
2024_DEMO_005,2024,6,24,DEMO,2,5,83,1645,0,3,run,run,4
2024_DEMO_005,2024,6,25,DEMO,2,1,39,1560,0,3,run,run,8
2024_DEMO_005,2024,6,26,DEMO,1,10,6,1475,-7,3,run,run,6
2024_DEMO_005,2024,6,27,DEMO,4,6,79,1390,14,3,run,pass,11
2024_DEMO_005,2024,6,28,DEMO,1,10,21,1305,-14,3,pass,pass,10
2024_DEMO_005,2024,6,29,DEMO,2,10,94,1220,3,3,pass,pass,0
2024_DEMO_005,2024,6,30,DEMO,2,5,55,1135,0,3,pass,pass,2
2024_DEMO_005,2024,6,31,DEMO,2,10,78,1050,-14,4,pass,pass,16
2024_DEMO_005,2024,6,32,DEMO,1,2,80,965,14,4,pass,run,6
2024_DEMO_005,2024,6,33,DEMO,1,12,81,880,7,4,run,run,14
2024_DEMO_005,2024,6,34,DEMO,2,2,34,795,-7,4,run,run,4
2024_DEMO_005,2024,6,35,DEMO,1,1,48,710,-7,4,run,run,8
2024_DEMO_005,2024,6,36,DEMO,2,2,56,625,-3,4,run,run,5
2024_DEMO_005,2024,6,37,DEMO,2,3,51,540,-3,4,run,run,1
2024_DEMO_005,2024,6,38,DEMO,2,7,45,455,7,4,run,pass,0
2024_DEMO_005,2024,6,39,DEMO,1,1,77,370,0,4,pass,run,4
2024_DEMO_005,2024,6,40,DEMO,1,15,66,285,7,4,run,pass,5
2024_DEMO_006,2024,7,1,DEMO,2,10,85,3600,-14,1,none,run,-1
2024_DEMO_006,2024,7,2,DEMO,3,15,5,3515,14,1,run,pass,13
2024_DEMO_006,2024,7,3,DEMO,2,7,71,3430,14,1,pass,run,7
2024_DEMO_006,2024,7,4,DEMO,3,6,84,3345,-7,1,run,run,-3
2024_DEMO_006,2024,7,5,DEMO,2,10,89,3260,3,1,run,run,-4
2024_DEMO_006,2024,7,6,DEMO,3,15,79,3175,0,1,run,run,1
2024_DEMO_006,2024,7,7,DEMO,2,10,44,3090,7,1,run,run,3
2024_DEMO_006,2024,7,8,DEMO,1,6,80,3005,-3,1,run,run,5
2024_DEMO_006,2024,7,9,DEMO,1,3,81,2920,7,1,run,run,3
2024_DEMO_006,2024,7,10,DEMO,3,10,51,2835,-7,1,run,run,-1
2024_DEMO_006,2024,7,11,DEMO,1,2,65,2750,-14,2,run,run,9
2024_DEMO_006,2024,7,12,DEMO,2,4,81,2665,3,2,run,run,0
2024_DEMO_006,2024,7,13,DEMO,2,4,57,2580,7,2,run,run,3
2024_DEMO_006,2024,7,14,DEMO,1,10,38,2495,-3,2,run,run,9
2024_DEMO_006,2024,7,15,DEMO,1,10,88,2410,7,2,run,run,6
2024_DEMO_006,2024,7,16,DEMO,3,5,72,2325,3,2,run,pass,0
2024_DEMO_006,2024,7,17,DEMO,3,7,92,2240,14,2,pass,pass,17
2024_DEMO_006,2024,7,18,DEMO,2,7,11,2155,-3,2,pass,run,0
2024_DEMO_006,2024,7,19,DEMO,1,1,44,2070,-3,2,run,run,-1
2024_DEMO_006,2024,7,20,DEMO,1,1,78,1985,0,2,run,run,10
2024_DEMO_006,2024,7,21,DEMO,1,6,33,1900,-7,3,run,run,5
2024_DEMO_006,2024,7,22,DEMO,1,6,38,1815,14,3,run,run,3
2024_DEMO_006,2024,7,23,DEMO,1,3,86,1730,-7,3,run,run,2
2024_DEMO_006,2024,7,24,DEMO,1,12,47,1645,3,3,run,run,8
2024_DEMO_006,2024,7,25,DEMO,1,1,6,1560,7,3,run,run,-4
2024_DEMO_006,2024,7,26,DEMO,1,3,42,1475,-7,3,run,run,8
2024_DEMO_006,2024,7,27,DEMO,3,7,66,1390,7,3,run,run,3
2024_DEMO_006,2024,7,28,DEMO,1,2,54,1305,-14,3,run,pass,0
2024_DEMO_006,2024,7,29,DEMO,2,2,16,1220,-3,3,pass,run,7
2024_DEMO_006,2024,7,30,DEMO,3,5,73,1135,14,3,run,run,3
2024_DEMO_006,2024,7,31,DEMO,3,10,6,1050,-14,4,run,pass,11
2024_DEMO_006,2024,7,32,DEMO,1,15,68,965,3,4,pass,pass,14
2024_DEMO_006,2024,7,33,DEMO,3,10,6,880,14,4,pass,pass,0
2024_DEMO_006,2024,7,34,DEMO,2,5,26,795,7,4,pass,run,10
2024_DEMO_006,2024,7,35,DEMO,1,15,19,710,-7,4,run,pass,11
2024_DEMO_006,2024,7,36,DEMO,2,4,60,625,-3,4,pass,run,12
2024_DEMO_006,2024,7,37,DEMO,2,10,11,540,0,4,run,pass,3
2024_DEMO_006,2024,7,38,DEMO,1,10,27,455,-3,4,pass,pass,2
2024_DEMO_006,2024,7,39,DEMO,2,4,69,370,-3,4,pass,run,-1
2024_DEMO_006,2024,7,40,DEMO,3,1,9,285,7,4,run,run,10
2024_DEMO_007,2024,8,1,DEMO,1,12,52,3600,-3,1,none,run,3
2024_DEMO_007,2024,8,2,DEMO,1,2,19,3515,-7,1,run,run,7
2024_DEMO_007,2024,8,3,DEMO,1,15,62,3430,-3,1,run,run,-1
2024_DEMO_007,2024,8,4,DEMO,4,12,84,3345,7,1,run,run,-1
2024_DEMO_007,2024,8,5,DEMO,1,10,55,3260,14,1,run,run,1
2024_DEMO_007,2024,8,6,DEMO,2,3,67,3175,-7,1,run,pass,-3
2024_DEMO_007,2024,8,7,DEMO,2,7,92,3090,-7,1,pass,run,8
2024_DEMO_007,2024,8,8,DEMO,1,10,12,3005,14,1,run,run,2
2024_DEMO_007,2024,8,9,DEMO,2,7,36,2920,14,1,run,pass,7
2024_DEMO_007,2024,8,10,DEMO,2,4,46,2835,7,1,pass,run,4
2024_DEMO_007,2024,8,11,DEMO,3,5,84,2750,-7,2,run,pass,0
2024_DEMO_007,2024,8,12,DEMO,1,1,94,2665,14,2,pass,run,6
2024_DEMO_007,2024,8,13,DEMO,3,10,65,2580,3,2,run,pass,11
2024_DEMO_007,2024,8,14,DEMO,3,6,27,2495,-3,2,pass,pass,15
2024_DEMO_007,2024,8,15,DEMO,2,10,31,2410,14,2,pass,run,3
2024_DEMO_007,2024,8,16,DEMO,1,2,65,2325,3,2,run,run,-3
2024_DEMO_007,2024,8,17,DEMO,1,12,92,2240,7,2,run,run,7
2024_DEMO_007,2024,8,18,DEMO,3,12,46,2155,-7,2,run,pass,0
2024_DEMO_007,2024,8,19,DEMO,2,10,70,2070,7,2,pass,pass,-1
2024_DEMO_007,2024,8,20,DEMO,2,10,72,1985,3,2,pass,run,9
2024_DEMO_007,2024,8,21,DEMO,3,15,81,1900,-14,3,run,pass,-5
2024_DEMO_007,2024,8,22,DEMO,3,2,40,1815,14,3,pass,run,5
2024_DEMO_007,2024,8,23,DEMO,1,7,34,1730,-14,3,run,run,13
2024_DEMO_007,2024,8,24,DEMO,2,7,95,1645,-3,3,run,pass,0
2024_DEMO_007,2024,8,25,DEMO,1,10,88,1560,-7,3,pass,run,-6
2024_DEMO_007,2024,8,26,DEMO,1,4,35,1475,3,3,run,run,6
2024_DEMO_007,2024,8,27,DEMO,2,10,68,1390,-14,3,run,pass,12
2024_DEMO_007,2024,8,28,DEMO,3,10,31,1305,-7,3,pass,pass,20
2024_DEMO_007,2024,8,29,DEMO,3,3,23,1220,-14,3,pass,pass,0
2024_DEMO_007,2024,8,30,DEMO,1,3,5,1135,-14,3,pass,pass,12
2024_DEMO_007,2024,8,31,DEMO,2,7,19,1050,-14,4,pass,run,-2
2024_DEMO_007,2024,8,32,DEMO,2,10,91,965,0,4,run,run,4
2024_DEMO_007,2024,8,33,DEMO,1,10,15,880,14,4,run,pass,11
2024_DEMO_007,2024,8,34,DEMO,3,4,75,795,-3,4,pass,run,1
2024_DEMO_007,2024,8,35,DEMO,2,12,15,710,3,4,run,pass,0
2024_DEMO_007,2024,8,36,DEMO,2,7,75,625,7,4,pass,pass,0
2024_DEMO_007,2024,8,37,DEMO,1,10,45,540,14,4,pass,run,5
2024_DEMO_007,2024,8,38,DEMO,2,1,63,455,14,4,run,run,5
2024_DEMO_007,2024,8,39,DEMO,3,1,52,370,14,4,run,run,15
2024_DEMO_007,2024,8,40,DEMO,2,10,14,285,-3,4,run,pass,1
2024_DEMO_008,2024,9,1,DEMO,2,12,54,3600,0,1,none,pass,0
2024_DEMO_008,2024,9,2,DEMO,3,7,52,3515,-3,1,pass,run,3
2024_DEMO_008,2024,9,3,DEMO,3,4,41,3430,-14,1,run,run,-3
2024_DEMO_008,2024,9,4,DEMO,2,2,56,3345,3,1,run,run,8
2024_DEMO_008,2024,9,5,DEMO,2,1,71,3260,3,1,run,pass,5
2024_DEMO_008,2024,9,6,DEMO,3,7,58,3175,3,1,pass,pass,-2
2024_DEMO_008,2024,9,7,DEMO,2,7,25,3090,0,1,pass,run,10
2024_DEMO_008,2024,9,8,DEMO,3,10,34,3005,3,1,run,pass,18
2024_DEMO_008,2024,9,9,DEMO,2,12,89,2920,7,1,pass,run,1
2024_DEMO_008,2024,9,10,DEMO,2,6,8,2835,-3,1,run,run,0
2024_DEMO_008,2024,9,11,DEMO,3,10,63,2750,0,2,run,pass,12
2024_DEMO_008,2024,9,12,DEMO,1,2,21,2665,0,2,pass,run,5
2024_DEMO_008,2024,9,13,DEMO,3,12,71,2580,3,2,run,run,0
2024_DEMO_008,2024,9,14,DEMO,3,7,6,2495,-3,2,run,run,4
2024_DEMO_008,2024,9,15,DEMO,3,10,52,2410,-7,2,run,run,4
2024_DEMO_008,2024,9,16,DEMO,3,6,47,2325,3,2,run,pass,-1
2024_DEMO_008,2024,9,17,DEMO,2,12,22,2240,0,2,pass,pass,11
2024_DEMO_008,2024,9,18,DEMO,3,2,74,2155,7,2,pass,run,3
2024_DEMO_008,2024,9,19,DEMO,1,15,80,2070,0,2,run,run,2
2024_DEMO_008,2024,9,20,DEMO,2,3,25,1985,-7,2,run,run,-1
2024_DEMO_008,2024,9,21,DEMO,1,1,95,1900,-3,3,run,run,5
2024_DEMO_008,2024,9,22,DEMO,1,3,18,1815,14,3,run,run,3
2024_DEMO_008,2024,9,23,DEMO,3,1,45,1730,0,3,run,run,0
2024_DEMO_008,2024,9,24,DEMO,1,10,23,1645,-7,3,run,run,-1
2024_DEMO_008,2024,9,25,DEMO,2,1,11,1560,-14,3,run,run,11
2024_DEMO_008,2024,9,26,DEMO,1,15,48,1475,0,3,run,pass,0
2024_DEMO_008,2024,9,27,DEMO,1,3,40,1390,14,3,pass,run,10
2024_DEMO_008,2024,9,28,DEMO,3,10,46,1305,7,3,run,run,4
2024_DEMO_008,2024,9,29,DEMO,1,1,16,1220,0,3,run,run,12
2024_DEMO_008,2024,9,30,DEMO,1,15,38,1135,7,3,run,pass,0
2024_DEMO_008,2024,9,31,DEMO,4,2,54,1050,3,4,pass,run,2
2024_DEMO_008,2024,9,32,DEMO,3,6,5,965,0,4,run,pass,21
2024_DEMO_008,2024,9,33,DEMO,3,1,16,880,-14,4,pass,run,2
2024_DEMO_008,2024,9,34,DEMO,4,10,27,795,14,4,run,pass,22
2024_DEMO_008,2024,9,35,DEMO,1,7,15,710,7,4,pass,run,4
2024_DEMO_008,2024,9,36,DEMO,3,4,61,625,-14,4,run,run,5
2024_DEMO_008,2024,9,37,DEMO,2,7,80,540,-3,4,run,run,5
2024_DEMO_008,2024,9,38,DEMO,1,10,37,455,7,4,run,run,-1
2024_DEMO_008,2024,9,39,DEMO,2,5,76,370,7,4,run,pass,0
2024_DEMO_008,2024,9,40,DEMO,3,3,77,285,3,4,pass,pass,-7
2024_DEMO_009,2024,10,1,DEMO,2,7,49,3600,-7,1,none,run,3
2024_DEMO_009,2024,10,2,DEMO,1,15,16,3515,3,1,run,run,10
2024_DEMO_009,2024,10,3,DEMO,2,3,65,3430,-7,1,run,run,5
2024_DEMO_009,2024,10,4,DEMO,3,15,14,3345,-14,1,run,pass,0
2024_DEMO_009,2024,10,5,DEMO,1,10,89,3260,3,1,pass,run,3
2024_DEMO_009,2024,10,6,DEMO,2,2,64,3175,-3,1,run,run,10
2024_DEMO_009,2024,10,7,DEMO,1,5,72,3090,14,1,run,run,-1
2024_DEMO_009,2024,10,8,DEMO,1,3,58,3005,3,1,run,pass,18
2024_DEMO_009,2024,10,9,DEMO,3,10,29,2920,3,1,pass,pass,7
2024_DEMO_009,2024,10,10,DEMO,4,5,74,2835,3,1,pass,pass,0
2024_DEMO_009,2024,10,11,DEMO,1,4,53,2750,14,2,pass,run,8
2024_DEMO_009,2024,10,12,DEMO,3,10,11,2665,-3,2,run,pass,7
2024_DEMO_009,2024,10,13,DEMO,2,5,95,2580,-14,2,pass,pass,7
2024_DEMO_009,2024,10,14,DEMO,3,3,31,2495,3,2,pass,pass,12
2024_DEMO_009,2024,10,15,DEMO,2,10,47,2410,14,2,pass,pass,0
2024_DEMO_009,2024,10,16,DEMO,2,5,8,2325,7,2,pass,run,7
2024_DEMO_009,2024,10,17,DEMO,3,2,64,2240,14,2,run,run,6
2024_DEMO_009,2024,10,18,DEMO,1,10,92,2155,-14,2,run,pass,6
2024_DEMO_009,2024,10,19,DEMO,1,12,94,2070,-7,2,pass,pass,0
2024_DEMO_009,2024,10,20,DEMO,2,6,34,1985,-3,2,pass,run,0
2024_DEMO_009,2024,10,21,DEMO,3,15,15,1900,7,3,run,pass,0
2024_DEMO_009,2024,10,22,DEMO,1,3,28,1815,0,3,pass,run,7
2024_DEMO_009,2024,10,23,DEMO,1,1,6,1730,-7,3,run,run,-5
2024_DEMO_009,2024,10,24,DEMO,3,15,11,1645,-14,3,run,pass,22
2024_DEMO_009,2024,10,25,DEMO,3,6,88,1560,7,3,pass,run,-4
2024_DEMO_009,2024,10,26,DEMO,1,12,84,1475,-3,3,run,pass,0
2024_DEMO_009,2024,10,27,DEMO,3,10,17,1390,14,3,pass,pass,0
2024_DEMO_009,2024,10,28,DEMO,1,10,75,1305,-14,3,pass,run,3
2024_DEMO_009,2024,10,29,DEMO,1,1,34,1220,7,3,run,run,-2
2024_DEMO_009,2024,10,30,DEMO,1,1,55,1135,-3,3,run,run,-4
2024_DEMO_009,2024,10,31,DEMO,3,1,31,1050,7,4,run,run,-4
2024_DEMO_009,2024,10,32,DEMO,1,5,49,965,-7,4,run,run,8
2024_DEMO_009,2024,10,33,DEMO,2,15,41,880,-14,4,run,pass,0
2024_DEMO_009,2024,10,34,DEMO,2,2,33,795,7,4,pass,pass,2
2024_DEMO_009,2024,10,35,DEMO,3,10,50,710,-3,4,pass,pass,0
2024_DEMO_009,2024,10,36,DEMO,1,10,48,625,-7,4,pass,pass,18
2024_DEMO_009,2024,10,37,DEMO,2,10,6,540,7,4,pass,pass,10
2024_DEMO_009,2024,10,38,DEMO,3,10,12,455,-14,4,pass,pass,6
2024_DEMO_009,2024,10,39,DEMO,2,4,66,370,3,4,pass,pass,9
2024_DEMO_009,2024,10,40,DEMO,2,4,89,285,-7,4,pass,run,3
2024_DEMO_010,2024,11,1,DEMO,3,6,33,3600,-14,1,none,pass,20
2024_DEMO_010,2024,11,2,DEMO,1,3,47,3515,-3,1,pass,pass,0
2024_DEMO_010,2024,11,3,DEMO,1,1,14,3430,0,1,pass,run,2
2024_DEMO_010,2024,11,4,DEMO,3,3,41,3345,-14,1,run,run,7
2024_DEMO_010,2024,11,5,DEMO,1,10,12,3260,7,1,run,pass,7
2024_DEMO_010,2024,11,6,DEMO,3,5,47,3175,14,1,pass,pass,0
2024_DEMO_010,2024,11,7,DEMO,3,10,10,3090,7,1,pass,run,2
2024_DEMO_010,2024,11,8,DEMO,2,12,10,3005,-3,1,run,pass,20
2024_DEMO_010,2024,11,9,DEMO,1,5,36,2920,-14,1,pass,pass,6
2024_DEMO_010,2024,11,10,DEMO,1,7,61,2835,-7,1,pass,run,4
2024_DEMO_010,2024,11,11,DEMO,3,6,63,2750,-3,2,run,run,4
2024_DEMO_010,2024,11,12,DEMO,4,10,74,2665,0,2,run,pass,11
2024_DEMO_010,2024,11,13,DEMO,2,7,44,2580,-7,2,pass,pass,0
2024_DEMO_010,2024,11,14,DEMO,3,7,90,2495,14,2,pass,run,7
2024_DEMO_010,2024,11,15,DEMO,3,15,23,2410,0,2,run,pass,17
2024_DEMO_010,2024,11,16,DEMO,2,1,93,2325,3,2,pass,pass,13
2024_DEMO_010,2024,11,17,DEMO,1,6,25,2240,-7,2,pass,run,2
2024_DEMO_010,2024,11,18,DEMO,2,3,17,2155,7,2,run,run,3
2024_DEMO_010,2024,11,19,DEMO,2,3,13,2070,-3,2,run,run,2
2024_DEMO_010,2024,11,20,DEMO,2,10,5,1985,7,2,run,pass,0
2024_DEMO_010,2024,11,21,DEMO,1,2,69,1900,0,3,pass,pass,8
2024_DEMO_010,2024,11,22,DEMO,2,2,80,1815,-3,3,pass,run,-8
2024_DEMO_010,2024,11,23,DEMO,1,15,17,1730,0,3,run,run,7
2024_DEMO_010,2024,11,24,DEMO,1,1,48,1645,-7,3,run,run,5
2024_DEMO_010,2024,11,25,DEMO,3,2,75,1560,0,3,run,run,-3
2024_DEMO_010,2024,11,26,DEMO,1,10,66,1475,-7,3,run,run,2
2024_DEMO_010,2024,11,27,DEMO,1,1,89,1390,-14,3,run,run,16
2024_DEMO_010,2024,11,28,DEMO,1,15,66,1305,-7,3,run,pass,0
2024_DEMO_010,2024,11,29,DEMO,1,5,73,1220,-7,3,pass,run,6
2024_DEMO_010,2024,11,30,DEMO,2,3,12,1135,-3,3,run,pass,0
2024_DEMO_010,2024,11,31,DEMO,4,12,32,1050,7,4,pass,pass,3
2024_DEMO_010,2024,11,32,DEMO,2,2,13,965,0,4,pass,run,10
2024_DEMO_010,2024,11,33,DEMO,2,15,6,880,7,4,run,pass,5
2024_DEMO_010,2024,11,34,DEMO,1,1,86,795,-7,4,pass,run,3
2024_DEMO_010,2024,11,35,DEMO,1,3,21,710,7,4,run,run,12
2024_DEMO_010,2024,11,36,DEMO,1,3,94,625,-14,4,run,pass,24
2024_DEMO_010,2024,11,37,DEMO,1,2,58,540,-3,4,pass,run,6
2024_DEMO_010,2024,11,38,DEMO,1,7,30,455,-14,4,run,run,6
2024_DEMO_010,2024,11,39,DEMO,3,4,61,370,0,4,run,pass,1
2024_DEMO_010,2024,11,40,DEMO,2,10,73,285,-7,4,pass,pass,0
2024_DEMO_011,2024,12,1,DEMO,1,3,81,3600,-14,1,none,run,10
2024_DEMO_011,2024,12,2,DEMO,3,10,43,3515,0,1,run,run,0
2024_DEMO_011,2024,12,3,DEMO,1,3,79,3430,7,1,run,run,7
2024_DEMO_011,2024,12,4,DEMO,1,4,74,3345,14,1,run,run,15
2024_DEMO_011,2024,12,5,DEMO,2,7,25,3260,-7,1,run,run,5
2024_DEMO_011,2024,12,6,DEMO,1,10,6,3175,3,1,run,pass,3
2024_DEMO_011,2024,12,7,DEMO,3,7,55,3090,0,1,pass,run,5
2024_DEMO_011,2024,12,8,DEMO,1,7,24,3005,-14,1,run,run,3
2024_DEMO_011,2024,12,9,DEMO,3,6,51,2920,-14,1,run,pass,0
2024_DEMO_011,2024,12,10,DEMO,3,5,43,2835,7,1,pass,pass,4
2024_DEMO_011,2024,12,11,DEMO,1,4,33,2750,3,2,pass,run,6
2024_DEMO_011,2024,12,12,DEMO,1,12,82,2665,0,2,run,pass,0
2024_DEMO_011,2024,12,13,DEMO,3,7,22,2580,0,2,pass,run,7
2024_DEMO_011,2024,12,14,DEMO,1,4,57,2495,7,2,run,pass,14
2024_DEMO_011,2024,12,15,DEMO,1,12,76,2410,7,2,pass,pass,17
2024_DEMO_011,2024,12,16,DEMO,2,1,73,2325,7,2,pass,run,8
2024_DEMO_011,2024,12,17,DEMO,4,12,84,2240,-14,2,run,pass,13
2024_DEMO_011,2024,12,18,DEMO,1,15,15,2155,7,2,pass,run,7
2024_DEMO_011,2024,12,19,DEMO,2,5,33,2070,-7,2,run,run,8
2024_DEMO_011,2024,12,20,DEMO,2,5,63,1985,-7,2,run,run,-5
2024_DEMO_011,2024,12,21,DEMO,2,6,73,1900,-7,3,run,pass,0
2024_DEMO_011,2024,12,22,DEMO,1,1,93,1815,-7,3,pass,pass,0
2024_DEMO_011,2024,12,23,DEMO,2,1,52,1730,7,3,pass,run,10
2024_DEMO_011,2024,12,24,DEMO,3,15,54,1645,7,3,run,pass,0
2024_DEMO_011,2024,12,25,DEMO,1,10,56,1560,3,3,pass,run,2
2024_DEMO_011,2024,12,26,DEMO,2,12,47,1475,-7,3,run,pass,0
2024_DEMO_011,2024,12,27,DEMO,1,10,39,1390,0,3,pass,pass,-12
2024_DEMO_011,2024,12,28,DEMO,3,7,13,1305,0,3,pass,pass,0
2024_DEMO_011,2024,12,29,DEMO,1,6,41,1220,-3,3,pass,pass,17
2024_DEMO_011,2024,12,30,DEMO,3,10,44,1135,3,3,pass,pass,9
2024_DEMO_011,2024,12,31,DEMO,3,10,23,1050,-3,4,pass,pass,3
2024_DEMO_011,2024,12,32,DEMO,2,2,35,965,-14,4,pass,pass,14
2024_DEMO_011,2024,12,33,DEMO,1,6,80,880,-14,4,pass,pass,15
2024_DEMO_011,2024,12,34,DEMO,4,5,88,795,3,4,pass,pass,0
2024_DEMO_011,2024,12,35,DEMO,3,7,19,710,-3,4,pass,run,3
2024_DEMO_011,2024,12,36,DEMO,3,4,12,625,0,4,run,pass,0
2024_DEMO_011,2024,12,37,DEMO,3,4,18,540,7,4,pass,run,11
2024_DEMO_011,2024,12,38,DEMO,2,10,72,455,14,4,run,pass,0
2024_DEMO_011,2024,12,39,DEMO,3,2,52,370,7,4,pass,run,6
2024_DEMO_011,2024,12,40,DEMO,1,10,40,285,-3,4,run,pass,16
2025_DEMO_000,2025,1,1,DEMO,3,7,69,3600,14,1,none,run,4
2025_DEMO_000,2025,1,2,DEMO,1,12,88,3515,7,1,run,run,7
2025_DEMO_000,2025,1,3,DEMO,3,12,91,3430,-14,1,run,run,6
2025_DEMO_000,2025,1,4,DEMO,1,6,23,3345,-7,1,run,run,2
2025_DEMO_000,2025,1,5,DEMO,2,12,46,3260,0,1,run,pass,10
2025_DEMO_000,2025,1,6,DEMO,1,1,87,3175,14,1,pass,pass,3
2025_DEMO_000,2025,1,7,DEMO,3,10,13,3090,-14,1,pass,run,-4
2025_DEMO_000,2025,1,8,DEMO,1,12,71,3005,7,1,run,run,14
2025_DEMO_000,2025,1,9,DEMO,2,12,27,2920,7,1,run,pass,0
2025_DEMO_000,2025,1,10,DEMO,1,12,29,2835,-14,1,pass,pass,13
2025_DEMO_000,2025,1,11,DEMO,1,10,93,2750,14,2,pass,pass,9
2025_DEMO_000,2025,1,12,DEMO,2,2,68,2665,-7,2,pass,run,-1
2025_DEMO_000,2025,1,13,DEMO,1,4,53,2580,3,2,run,run,3
2025_DEMO_000,2025,1,14,DEMO,1,15,8,2495,3,2,run,run,-1
2025_DEMO_000,2025,1,15,DEMO,2,12,67,2410,14,2,run,pass,0
2025_DEMO_000,2025,1,16,DEMO,1,10,50,2325,14,2,pass,run,3
2025_DEMO_000,2025,1,17,DEMO,1,3,24,2240,7,2,run,run,2
2025_DEMO_000,2025,1,18,DEMO,3,4,94,2155,3,2,run,pass,8
2025_DEMO_000,2025,1,19,DEMO,1,10,93,2070,7,2,pass,run,4
2025_DEMO_000,2025,1,20,DEMO,3,4,50,1985,-7,2,run,pass,16
2025_DEMO_000,2025,1,21,DEMO,1,7,16,1900,-14,3,pass,pass,13
2025_DEMO_000,2025,1,22,DEMO,2,7,82,1815,0,3,pass,run,8
2025_DEMO_000,2025,1,23,DEMO,1,4,53,1730,-14,3,run,pass,16
2025_DEMO_000,2025,1,24,DEMO,1,2,50,1645,7,3,pass,run,7
2025_DEMO_000,2025,1,25,DEMO,3,10,91,1560,3,3,run,run,-1
2025_DEMO_000,2025,1,26,DEMO,1,2,68,1475,7,3,run,run,-3
2025_DEMO_000,2025,1,27,DEMO,3,10,38,1390,14,3,run,pass,0
2025_DEMO_000,2025,1,28,DEMO,2,5,21,1305,-7,3,pass,pass,-6
2025_DEMO_000,2025,1,29,DEMO,1,15,24,1220,-7,3,pass,run,9
2025_DEMO_000,2025,1,30,DEMO,2,10,42,1135,-3,3,run,run,2
2025_DEMO_000,2025,1,31,DEMO,1,12,77,1050,-7,4,run,run,1
2025_DEMO_000,2025,1,32,DEMO,3,3,50,965,0,4,run,pass,0
2025_DEMO_000,2025,1,33,DEMO,3,6,32,880,-3,4,pass,pass,-3
2025_DEMO_000,2025,1,34,DEMO,1,12,66,795,14,4,pass,run,10
2025_DEMO_000,2025,1,35,DEMO,2,5,55,710,7,4,run,run,7
2025_DEMO_000,2025,1,36,DEMO,1,4,5,625,0,4,run,run,5
2025_DEMO_000,2025,1,37,DEMO,1,2,88,540,3,4,run,run,10
2025_DEMO_000,2025,1,38,DEMO,1,12,14,455,-7,4,run,run,7
2025_DEMO_000,2025,1,39,DEMO,2,5,89,370,0,4,run,pass,20
2025_DEMO_000,2025,1,40,DEMO,2,6,54,285,-14,4,pass,pass,0
2025_DEMO_001,2025,2,1,DEMO,2,6,45,3600,-3,1,none,run,8
2025_DEMO_001,2025,2,2,DEMO,2,6,16,3515,0,1,run,run,-6
2025_DEMO_001,2025,2,3,DEMO,1,2,77,3430,14,1,run,run,2
2025_DEMO_001,2025,2,4,DEMO,1,12,16,3345,3,1,run,run,8
2025_DEMO_001,2025,2,5,DEMO,2,4,80,3260,-3,1,run,run,-4
2025_DEMO_001,2025,2,6,DEMO,1,1,22,3175,-14,1,run,run,5
2025_DEMO_001,2025,2,7,DEMO,2,3,90,3090,-14,1,run,pass,4
2025_DEMO_001,2025,2,8,DEMO,2,3,44,3005,-14,1,pass,run,4
2025_DEMO_001,2025,2,9,DEMO,2,15,60,2920,3,1,run,pass,3
2025_DEMO_001,2025,2,10,DEMO,2,10,65,2835,-7,1,pass,pass,1
2025_DEMO_001,2025,2,11,DEMO,3,4,15,2750,14,2,pass,run,5
2025_DEMO_001,2025,2,12,DEMO,2,12,8,2665,0,2,run,run,2
2025_DEMO_001,2025,2,13,DEMO,2,10,73,2580,3,2,run,run,0
2025_DEMO_001,2025,2,14,DEMO,3,4,85,2495,7,2,run,run,3
2025_DEMO_001,2025,2,15,DEMO,3,15,44,2410,-7,2,run,pass,0
2025_DEMO_001,2025,2,16,DEMO,3,6,44,2325,-7,2,pass,pass,7
2025_DEMO_001,2025,2,17,DEMO,1,4,20,2240,-7,2,pass,pass,0
2025_DEMO_001,2025,2,18,DEMO,1,1,49,2155,0,2,pass,run,-2
2025_DEMO_001,2025,2,19,DEMO,1,5,77,2070,7,2,run,run,9
2025_DEMO_001,2025,2,20,DEMO,2,1,22,1985,0,2,run,run,2
2025_DEMO_001,2025,2,21,DEMO,2,5,44,1900,3,3,run,run,0
2025_DEMO_001,2025,2,22,DEMO,2,10,62,1815,-3,3,run,run,6
2025_DEMO_001,2025,2,23,DEMO,1,4,54,1730,-3,3,run,run,8
2025_DEMO_001,2025,2,24,DEMO,1,1,57,1645,-7,3,run,run,4
2025_DEMO_001,2025,2,25,DEMO,2,10,30,1560,-14,3,run,pass,7
2025_DEMO_001,2025,2,26,DEMO,1,10,61,1475,-14,3,pass,pass,18
2025_DEMO_001,2025,2,27,DEMO,2,3,77,1390,7,3,pass,run,4
2025_DEMO_001,2025,2,28,DEMO,1,10,6,1305,-7,3,run,pass,0
2025_DEMO_001,2025,2,29,DEMO,2,10,57,1220,7,3,pass,pass,0
2025_DEMO_001,2025,2,30,DEMO,4,6,83,1135,-3,3,pass,run,6
2025_DEMO_001,2025,2,31,DEMO,2,10,77,1050,14,4,run,pass,17
2025_DEMO_001,2025,2,32,DEMO,2,5,47,965,14,4,pass,pass,4
2025_DEMO_001,2025,2,33,DEMO,3,15,33,880,-3,4,pass,pass,10
2025_DEMO_001,2025,2,34,DEMO,1,10,82,795,3,4,pass,pass,1
2025_DEMO_001,2025,2,35,DEMO,3,5,40,710,3,4,pass,pass,0
2025_DEMO_001,2025,2,36,DEMO,3,7,38,625,-14,4,pass,pass,2
2025_DEMO_001,2025,2,37,DEMO,1,1,80,540,-3,4,pass,run,-1
2025_DEMO_001,2025,2,38,DEMO,1,15,66,455,7,4,run,run,11
2025_DEMO_001,2025,2,39,DEMO,2,10,79,370,14,4,run,run,4
2025_DEMO_001,2025,2,40,DEMO,1,3,18,285,-14,4,run,run,5
2025_DEMO_002,2025,3,1,DEMO,1,3,19,3600,14,1,none,run,-1
2025_DEMO_002,2025,3,2,DEMO,1,6,43,3515,14,1,run,run,7
2025_DEMO_002,2025,3,3,DEMO,3,6,48,3430,0,1,run,run,10
2025_DEMO_002,2025,3,4,DEMO,1,3,9,3345,-7,1,run,pass,0
2025_DEMO_002,2025,3,5,DEMO,2,5,53,3260,-14,1,pass,pass,-7
2025_DEMO_002,2025,3,6,DEMO,1,15,50,3175,-14,1,pass,pass,0
2025_DEMO_002,2025,3,7,DEMO,2,10,47,3090,14,1,pass,run,1
2025_DEMO_002,2025,3,8,DEMO,1,15,81,3005,0,1,run,pass,-3
2025_DEMO_002,2025,3,9,DEMO,3,10,60,2920,14,1,pass,pass,-4
2025_DEMO_002,2025,3,10,DEMO,1,2,38,2835,7,1,pass,run,3
2025_DEMO_002,2025,3,11,DEMO,1,7,33,2750,-14,2,run,pass,15
2025_DEMO_002,2025,3,12,DEMO,2,1,31,2665,-3,2,pass,run,6
2025_DEMO_002,2025,3,13,DEMO,3,15,22,2580,-14,2,run,run,9
2025_DEMO_002,2025,3,14,DEMO,1,10,42,2495,-7,2,run,pass,0
2025_DEMO_002,2025,3,15,DEMO,1,5,34,2410,7,2,pass,run,0
2025_DEMO_002,2025,3,16,DEMO,2,12,55,2325,14,2,run,run,2
2025_DEMO_002,2025,3,17,DEMO,3,1,75,2240,14,2,run,run,8
2025_DEMO_002,2025,3,18,DEMO,2,3,77,2155,14,2,run,run,3
2025_DEMO_002,2025,3,19,DEMO,3,1,24,2070,14,2,run,run,-3
2025_DEMO_002,2025,3,20,DEMO,2,5,13,1985,0,2,run,pass,-11
2025_DEMO_002,2025,3,21,DEMO,1,6,12,1900,-7,3,pass,pass,20
2025_DEMO_002,2025,3,22,DEMO,1,10,83,1815,-3,3,pass,pass,-10
2025_DEMO_002,2025,3,23,DEMO,2,6,25,1730,-7,3,pass,pass,18
2025_DEMO_002,2025,3,24,DEMO,1,1,22,1645,-3,3,pass,run,11
2025_DEMO_002,2025,3,25,DEMO,4,4,31,1560,-14,3,run,pass,0
2025_DEMO_002,2025,3,26,DEMO,1,10,61,1475,-14,3,pass,run,11
2025_DEMO_002,2025,3,27,DEMO,3,6,6,1390,0,3,run,run,11
2025_DEMO_002,2025,3,28,DEMO,1,10,83,1305,3,3,run,pass,9
2025_DEMO_002,2025,3,29,DEMO,1,12,52,1220,-7,3,pass,pass,23
2025_DEMO_002,2025,3,30,DEMO,1,4,79,1135,3,3,pass,run,6
2025_DEMO_002,2025,3,31,DEMO,1,5,21,1050,-14,4,run,pass,0
2025_DEMO_002,2025,3,32,DEMO,1,10,7,965,-14,4,pass,pass,0
2025_DEMO_002,2025,3,33,DEMO,1,3,42,880,-14,4,pass,run,2
2025_DEMO_002,2025,3,34,DEMO,1,15,57,795,14,4,run,pass,-7
2025_DEMO_002,2025,3,35,DEMO,1,10,87,710,7,4,pass,run,6
2025_DEMO_002,2025,3,36,DEMO,1,5,57,625,-14,4,run,run,10
2025_DEMO_002,2025,3,37,DEMO,1,5,11,540,0,4,run,pass,-10
2025_DEMO_002,2025,3,38,DEMO,2,10,24,455,14,4,pass,run,2
2025_DEMO_002,2025,3,39,DEMO,3,2,28,370,-7,4,run,pass,0
2025_DEMO_002,2025,3,40,DEMO,3,15,48,285,0,4,pass,pass,3
2025_DEMO_003,2025,4,1,DEMO,2,10,23,3600,-7,1,none,pass,-6
2025_DEMO_003,2025,4,2,DEMO,1,3,17,3515,-7,1,pass,pass,13
2025_DEMO_003,2025,4,3,DEMO,1,10,70,3430,-14,1,pass,pass,5
2025_DEMO_003,2025,4,4,DEMO,3,10,11,3345,7,1,pass,run,0
2025_DEMO_003,2025,4,5,DEMO,4,2,63,3260,14,1,run,pass,8
2025_DEMO_003,2025,4,6,DEMO,2,4,81,3175,-7,1,pass,run,6
2025_DEMO_003,2025,4,7,DEMO,2,10,84,3090,-3,1,run,run,6
2025_DEMO_003,2025,4,8,DEMO,3,2,68,3005,-14,1,run,pass,0
2025_DEMO_003,2025,4,9,DEMO,2,7,37,2920,-7,1,pass,pass,16
2025_DEMO_003,2025,4,10,DEMO,1,6,42,2835,-7,1,pass,pass,3
2025_DEMO_003,2025,4,11,DEMO,3,10,87,2750,0,2,pass,run,7
2025_DEMO_003,2025,4,12,DEMO,1,4,5,2665,7,2,run,run,9
2025_DEMO_003,2025,4,13,DEMO,1,10,7,2580,-3,2,run,run,16
2025_DEMO_003,2025,4,14,DEMO,2,10,81,2495,3,2,run,run,10
2025_DEMO_003,2025,4,15,DEMO,3,1,52,2410,3,2,run,run,5
2025_DEMO_003,2025,4,16,DEMO,3,12,49,2325,-14,2,run,pass,14
2025_DEMO_003,2025,4,17,DEMO,2,10,94,2240,-7,2,pass,pass,21
2025_DEMO_003,2025,4,18,DEMO,1,10,45,2155,0,2,pass,pass,0
2025_DEMO_003,2025,4,19,DEMO,3,10,45,2070,14,2,pass,pass,7
2025_DEMO_003,2025,4,20,DEMO,1,7,49,1985,3,2,pass,pass,8
2025_DEMO_003,2025,4,21,DEMO,1,12,52,1900,3,3,pass,run,8
2025_DEMO_003,2025,4,22,DEMO,1,6,57,1815,-7,3,run,pass,19
2025_DEMO_003,2025,4,23,DEMO,1,12,94,1730,3,3,pass,pass,-5
2025_DEMO_003,2025,4,24,DEMO,1,7,27,1645,14,3,pass,run,6
2025_DEMO_003,2025,4,25,DEMO,1,3,10,1560,0,3,run,run,3
2025_DEMO_003,2025,4,26,DEMO,2,12,90,1475,3,3,run,pass,0
2025_DEMO_003,2025,4,27,DEMO,2,4,88,1390,3,3,pass,run,7
2025_DEMO_003,2025,4,28,DEMO,1,5,78,1305,3,3,run,run,6
2025_DEMO_003,2025,4,29,DEMO,1,12,15,1220,-7,3,run,run,13
2025_DEMO_003,2025,4,30,DEMO,1,3,14,1135,-3,3,run,run,-6
2025_DEMO_003,2025,4,31,DEMO,1,6,73,1050,-7,4,run,run,4
2025_DEMO_003,2025,4,32,DEMO,2,10,68,965,0,4,run,pass,0
2025_DEMO_003,2025,4,33,DEMO,3,2,72,880,-3,4,pass,pass,-12
2025_DEMO_003,2025,4,34,DEMO,3,12,5,795,-14,4,pass,pass,0
2025_DEMO_003,2025,4,35,DEMO,3,10,61,710,7,4,pass,pass,0
2025_DEMO_003,2025,4,36,DEMO,1,6,54,625,7,4,pass,pass,26
2025_DEMO_003,2025,4,37,DEMO,1,5,20,540,3,4,pass,pass,0
2025_DEMO_003,2025,4,38,DEMO,1,3,19,455,3,4,pass,pass,11
2025_DEMO_003,2025,4,39,DEMO,1,1,44,370,7,4,pass,pass,0
2025_DEMO_003,2025,4,40,DEMO,2,10,32,285,14,4,pass,run,2
2025_DEMO_004,2025,5,1,DEMO,1,10,70,3600,3,1,none,run,4
2025_DEMO_004,2025,5,2,DEMO,2,10,62,3515,-7,1,run,run,2
2025_DEMO_004,2025,5,3,DEMO,1,10,81,3430,3,1,run,run,4
2025_DEMO_004,2025,5,4,DEMO,1,15,30,3345,-14,1,run,run,2
2025_DEMO_004,2025,5,5,DEMO,1,4,60,3260,0,1,run,run,4
2025_DEMO_004,2025,5,6,DEMO,2,1,5,3175,-3,1,run,run,-3
2025_DEMO_004,2025,5,7,DEMO,3,10,48,3090,-7,1,run,pass,0
2025_DEMO_004,2025,5,8,DEMO,1,6,85,3005,-14,1,pass,pass,0
2025_DEMO_004,2025,5,9,DEMO,1,10,35,2920,3,1,pass,run,10
2025_DEMO_004,2025,5,10,DEMO,1,7,83,2835,-7,1,run,run,2
2025_DEMO_004,2025,5,11,DEMO,2,10,12,2750,-14,2,run,pass,-7
2025_DEMO_004,2025,5,12,DEMO,3,4,34,2665,-7,2,pass,run,8
2025_DEMO_004,2025,5,13,DEMO,4,4,69,2580,3,2,run,run,0
2025_DEMO_004,2025,5,14,DEMO,1,10,57,2495,7,2,run,pass,-8
2025_DEMO_004,2025,5,15,DEMO,1,12,74,2410,14,2,pass,run,5
2025_DEMO_004,2025,5,16,DEMO,2,4,60,2325,3,2,run,run,2
2025_DEMO_004,2025,5,17,DEMO,3,1,14,2240,-7,2,run,pass,19
2025_DEMO_004,2025,5,18,DEMO,2,3,17,2155,7,2,pass,run,13
2025_DEMO_004,2025,5,19,DEMO,2,4,49,2070,-7,2,run,run,-3
2025_DEMO_004,2025,5,20,DEMO,2,6,95,1985,14,2,run,run,-1
2025_DEMO_004,2025,5,21,DEMO,2,7,66,1900,0,3,run,pass,-3
2025_DEMO_004,2025,5,22,DEMO,1,10,26,1815,-14,3,pass,pass,14
2025_DEMO_004,2025,5,23,DEMO,2,12,39,1730,-7,3,pass,run,1
2025_DEMO_004,2025,5,24,DEMO,2,7,19,1645,0,3,run,run,1
2025_DEMO_004,2025,5,25,DEMO,2,6,80,1560,0,3,run,run,1
2025_DEMO_004,2025,5,26,DEMO,2,6,89,1475,0,3,run,pass,7
2025_DEMO_004,2025,5,27,DEMO,4,15,24,1390,7,3,pass,pass,17
2025_DEMO_004,2025,5,28,DEMO,1,3,83,1305,14,3,pass,run,3
2025_DEMO_004,2025,5,29,DEMO,3,3,46,1220,0,3,run,pass,-7
2025_DEMO_004,2025,5,30,DEMO,1,6,33,1135,3,3,pass,pass,-2
2025_DEMO_004,2025,5,31,DEMO,2,10,43,1050,-7,4,pass,pass,-3
2025_DEMO_004,2025,5,32,DEMO,1,10,57,965,0,4,pass,run,7
2025_DEMO_004,2025,5,33,DEMO,4,2,61,880,3,4,run,run,-1
2025_DEMO_004,2025,5,34,DEMO,2,10,63,795,-3,4,run,run,5
2025_DEMO_004,2025,5,35,DEMO,2,10,50,710,7,4,run,run,0
2025_DEMO_004,2025,5,36,DEMO,1,10,29,625,14,4,run,run,2
2025_DEMO_004,2025,5,37,DEMO,2,5,19,540,0,4,run,pass,0
2025_DEMO_004,2025,5,38,DEMO,2,12,48,455,-7,4,pass,pass,10
2025_DEMO_004,2025,5,39,DEMO,1,10,73,370,-14,4,pass,pass,0
2025_DEMO_004,2025,5,40,DEMO,3,3,89,285,7,4,pass,run,2
2025_DEMO_005,2025,6,1,DEMO,1,1,46,3600,-7,1,none,run,5
2025_DEMO_005,2025,6,2,DEMO,1,10,10,3515,0,1,run,run,4
2025_DEMO_005,2025,6,3,DEMO,2,1,7,3430,14,1,run,run,3
2025_DEMO_005,2025,6,4,DEMO,1,2,33,3345,-14,1,run,run,13
2025_DEMO_005,2025,6,5,DEMO,2,10,29,3260,14,1,run,run,10
2025_DEMO_005,2025,6,6,DEMO,2,10,75,3175,-7,1,run,run,6
2025_DEMO_005,2025,6,7,DEMO,2,5,18,3090,3,1,run,run,8
2025_DEMO_005,2025,6,8,DEMO,1,10,52,3005,-14,1,run,pass,0
2025_DEMO_005,2025,6,9,DEMO,2,15,54,2920,14,1,pass,run,4
2025_DEMO_005,2025,6,10,DEMO,1,10,50,2835,7,1,run,pass,17
2025_DEMO_005,2025,6,11,DEMO,1,5,77,2750,-7,2,pass,run,3
2025_DEMO_005,2025,6,12,DEMO,4,12,42,2665,0,2,run,pass,0
2025_DEMO_005,2025,6,13,DEMO,3,15,7,2580,7,2,pass,pass,-3
2025_DEMO_005,2025,6,14,DEMO,1,2,85,2495,14,2,pass,run,8
2025_DEMO_005,2025,6,15,DEMO,1,15,20,2410,-14,2,run,pass,1
2025_DEMO_005,2025,6,16,DEMO,1,10,10,2325,0,2,pass,pass,31
2025_DEMO_005,2025,6,17,DEMO,3,10,56,2240,14,2,pass,run,10
2025_DEMO_005,2025,6,18,DEMO,1,3,19,2155,-3,2,run,run,14
2025_DEMO_005,2025,6,19,DEMO,2,7,66,2070,-7,2,run,pass,18
2025_DEMO_005,2025,6,20,DEMO,1,10,6,1985,-3,2,pass,pass,28
2025_DEMO_005,2025,6,21,DEMO,2,5,61,1900,14,3,pass,pass,0
2025_DEMO_005,2025,6,22,DEMO,2,12,46,1815,-3,3,pass,pass,10
2025_DEMO_005,2025,6,23,DEMO,1,2,34,1730,3,3,pass,pass,0
2025_DEMO_005,2025,6,24,DEMO,3,3,41,1645,-3,3,pass,run,5
2025_DEMO_005,2025,6,25,DEMO,3,10,12,1560,-14,3,run,pass,14
2025_DEMO_005,2025,6,26,DEMO,2,2,13,1475,7,3,pass,run,5
2025_DEMO_005,2025,6,27,DEMO,1,10,68,1390,-7,3,run,pass,0
2025_DEMO_005,2025,6,28,DEMO,2,15,36,1305,3,3,pass,pass,24
2025_DEMO_005,2025,6,29,DEMO,2,10,46,1220,-7,3,pass,pass,17
2025_DEMO_005,2025,6,30,DEMO,1,6,17,1135,0,3,pass,pass,24
2025_DEMO_005,2025,6,31,DEMO,2,10,15,1050,0,4,pass,pass,25
2025_DEMO_005,2025,6,32,DEMO,1,5,81,965,-14,4,pass,pass,14
2025_DEMO_005,2025,6,33,DEMO,1,4,51,880,7,4,pass,pass,3
2025_DEMO_005,2025,6,34,DEMO,2,15,42,795,-14,4,pass,pass,26
2025_DEMO_005,2025,6,35,DEMO,1,10,43,710,7,4,pass,run,2
2025_DEMO_005,2025,6,36,DEMO,1,10,31,625,-14,4,run,pass,6
2025_DEMO_005,2025,6,37,DEMO,2,4,29,540,-14,4,pass,pass,11
2025_DEMO_005,2025,6,38,DEMO,1,12,71,455,3,4,pass,run,3
2025_DEMO_005,2025,6,39,DEMO,2,1,70,370,0,4,run,run,11
2025_DEMO_005,2025,6,40,DEMO,2,6,27,285,0,4,run,run,-1
2025_DEMO_006,2025,7,1,DEMO,1,5,76,3600,0,1,none,pass,7
2025_DEMO_006,2025,7,2,DEMO,2,7,46,3515,14,1,pass,run,7
2025_DEMO_006,2025,7,3,DEMO,3,15,33,3430,0,1,run,run,5
2025_DEMO_006,2025,7,4,DEMO,2,2,50,3345,0,1,run,run,3
2025_DEMO_006,2025,7,5,DEMO,1,5,53,3260,0,1,run,pass,7
2025_DEMO_006,2025,7,6,DEMO,2,7,80,3175,-14,1,pass,run,-6
2025_DEMO_006,2025,7,7,DEMO,1,7,22,3090,3,1,run,run,4
2025_DEMO_006,2025,7,8,DEMO,3,5,48,3005,-14,1,run,run,9
2025_DEMO_006,2025,7,9,DEMO,2,1,93,2920,-14,1,run,pass,-1
2025_DEMO_006,2025,7,10,DEMO,2,10,34,2835,14,1,pass,run,3
2025_DEMO_006,2025,7,11,DEMO,2,3,17,2750,7,2,run,pass,5
2025_DEMO_006,2025,7,12,DEMO,1,12,42,2665,0,2,pass,pass,2
2025_DEMO_006,2025,7,13,DEMO,3,5,84,2580,14,2,pass,run,8
2025_DEMO_006,2025,7,14,DEMO,2,6,61,2495,-7,2,run,run,-1
2025_DEMO_006,2025,7,15,DEMO,3,10,47,2410,7,2,run,run,1
2025_DEMO_006,2025,7,16,DEMO,3,15,19,2325,14,2,run,run,9
2025_DEMO_006,2025,7,17,DEMO,1,2,61,2240,7,2,run,run,4
2025_DEMO_006,2025,7,18,DEMO,3,12,14,2155,14,2,run,pass,-4
2025_DEMO_006,2025,7,19,DEMO,1,10,62,2070,-14,2,pass,pass,9
2025_DEMO_006,2025,7,20,DEMO,3,5,47,1985,14,2,pass,pass,0
2025_DEMO_006,2025,7,21,DEMO,3,7,68,1900,14,3,pass,run,-1
2025_DEMO_006,2025,7,22,DEMO,2,7,71,1815,-14,3,run,pass,5
2025_DEMO_006,2025,7,23,DEMO,2,7,73,1730,-14,3,pass,run,2
2025_DEMO_006,2025,7,24,DEMO,2,10,67,1645,14,3,run,run,3
2025_DEMO_006,2025,7,25,DEMO,2,1,84,1560,7,3,run,run,15
2025_DEMO_006,2025,7,26,DEMO,3,15,78,1475,7,3,run,run,7
2025_DEMO_006,2025,7,27,DEMO,2,6,45,1390,-7,3,run,run,0
2025_DEMO_006,2025,7,28,DEMO,2,7,79,1305,-7,3,run,pass,23
2025_DEMO_006,2025,7,29,DEMO,1,10,73,1220,14,3,pass,pass,18
2025_DEMO_006,2025,7,30,DEMO,3,1,90,1135,-3,3,pass,pass,23
2025_DEMO_006,2025,7,31,DEMO,1,4,79,1050,-14,4,pass,pass,10
2025_DEMO_006,2025,7,32,DEMO,2,10,65,965,-3,4,pass,pass,5
2025_DEMO_006,2025,7,33,DEMO,2,10,12,880,7,4,pass,pass,14
2025_DEMO_006,2025,7,34,DEMO,3,10,20,795,-14,4,pass,pass,0
2025_DEMO_006,2025,7,35,DEMO,1,4,64,710,-7,4,pass,pass,23
2025_DEMO_006,2025,7,36,DEMO,2,4,53,625,14,4,pass,run,1
2025_DEMO_006,2025,7,37,DEMO,3,2,32,540,7,4,run,pass,3
2025_DEMO_006,2025,7,38,DEMO,1,10,12,455,7,4,pass,pass,12
2025_DEMO_006,2025,7,39,DEMO,1,7,16,370,-3,4,pass,run,3
2025_DEMO_006,2025,7,40,DEMO,1,6,54,285,14,4,run,run,11
2025_DEMO_007,2025,8,1,DEMO,2,10,28,3600,-3,1,none,pass,14
2025_DEMO_007,2025,8,2,DEMO,1,12,83,3515,-14,1,pass,run,7
2025_DEMO_007,2025,8,3,DEMO,3,4,65,3430,0,1,run,pass,0
2025_DEMO_007,2025,8,4,DEMO,1,10,58,3345,14,1,pass,run,1
2025_DEMO_007,2025,8,5,DEMO,1,3,71,3260,-14,1,run,run,7
2025_DEMO_007,2025,8,6,DEMO,1,2,95,3175,7,1,run,run,7
2025_DEMO_007,2025,8,7,DEMO,4,10,46,3090,7,1,run,run,5
2025_DEMO_007,2025,8,8,DEMO,1,12,43,3005,0,1,run,run,9
2025_DEMO_007,2025,8,9,DEMO,1,4,90,2920,3,1,run,run,6
2025_DEMO_007,2025,8,10,DEMO,1,4,6,2835,-3,1,run,pass,-10
2025_DEMO_007,2025,8,11,DEMO,2,2,38,2750,7,2,pass,run,9
2025_DEMO_007,2025,8,12,DEMO,1,2,72,2665,14,2,run,run,-2
2025_DEMO_007,2025,8,13,DEMO,3,10,57,2580,3,2,run,run,0
2025_DEMO_007,2025,8,14,DEMO,1,7,38,2495,7,2,run,run,12
2025_DEMO_007,2025,8,15,DEMO,2,15,5,2410,3,2,run,pass,0
2025_DEMO_007,2025,8,16,DEMO,3,5,83,2325,3,2,pass,pass,0
2025_DEMO_007,2025,8,17,DEMO,1,6,19,2240,14,2,pass,run,8
2025_DEMO_007,2025,8,18,DEMO,2,10,22,2155,14,2,run,run,-2
2025_DEMO_007,2025,8,19,DEMO,2,4,7,2070,7,2,run,run,8
2025_DEMO_007,2025,8,20,DEMO,4,2,54,1985,14,2,run,run,-7
2025_DEMO_007,2025,8,21,DEMO,1,15,9,1900,-7,3,run,pass,0
2025_DEMO_007,2025,8,22,DEMO,2,10,13,1815,3,3,pass,pass,-5
2025_DEMO_007,2025,8,23,DEMO,3,4,34,1730,-7,3,pass,pass,14
2025_DEMO_007,2025,8,24,DEMO,2,5,17,1645,-7,3,pass,run,-1
2025_DEMO_007,2025,8,25,DEMO,1,6,29,1560,3,3,run,run,0
2025_DEMO_007,2025,8,26,DEMO,3,1,28,1475,3,3,run,pass,0
2025_DEMO_007,2025,8,27,DEMO,1,3,10,1390,-3,3,pass,pass,13
2025_DEMO_007,2025,8,28,DEMO,1,1,88,1305,-3,3,pass,run,2
2025_DEMO_007,2025,8,29,DEMO,1,5,40,1220,-14,3,run,pass,-4
2025_DEMO_007,2025,8,30,DEMO,2,2,77,1135,-7,3,pass,pass,9
2025_DEMO_007,2025,8,31,DEMO,3,10,87,1050,-14,4,pass,pass,5
2025_DEMO_007,2025,8,32,DEMO,2,3,23,965,14,4,pass,pass,6
2025_DEMO_007,2025,8,33,DEMO,1,15,76,880,0,4,pass,pass,8
2025_DEMO_007,2025,8,34,DEMO,1,3,27,795,-3,4,pass,pass,29
2025_DEMO_007,2025,8,35,DEMO,1,3,28,710,-3,4,pass,pass,4
2025_DEMO_007,2025,8,36,DEMO,1,2,18,625,3,4,pass,run,-2
2025_DEMO_007,2025,8,37,DEMO,1,4,44,540,0,4,run,run,8
2025_DEMO_007,2025,8,38,DEMO,1,1,24,455,3,4,run,run,7
2025_DEMO_007,2025,8,39,DEMO,2,3,12,370,-7,4,run,run,8
2025_DEMO_007,2025,8,40,DEMO,3,7,58,285,7,4,run,pass,10
2025_DEMO_008,2025,9,1,DEMO,1,10,79,3600,-14,1,none,pass,7
2025_DEMO_008,2025,9,2,DEMO,1,4,22,3515,-3,1,pass,run,4
2025_DEMO_008,2025,9,3,DEMO,2,1,8,3430,14,1,run,run,3
2025_DEMO_008,2025,9,4,DEMO,3,1,88,3345,0,1,run,run,3
2025_DEMO_008,2025,9,5,DEMO,1,4,74,3260,14,1,run,run,10
2025_DEMO_008,2025,9,6,DEMO,3,12,54,3175,0,1,run,pass,0
2025_DEMO_008,2025,9,7,DEMO,3,5,45,3090,14,1,pass,run,6
2025_DEMO_008,2025,9,8,DEMO,3,15,57,3005,14,1,run,pass,-2
2025_DEMO_008,2025,9,9,DEMO,4,2,65,2920,14,1,pass,pass,0
2025_DEMO_008,2025,9,10,DEMO,1,1,23,2835,14,1,pass,run,2
2025_DEMO_008,2025,9,11,DEMO,1,3,28,2750,-3,2,run,pass,17
2025_DEMO_008,2025,9,12,DEMO,1,10,39,2665,14,2,pass,pass,9
2025_DEMO_008,2025,9,13,DEMO,3,12,7,2580,3,2,pass,pass,-8
2025_DEMO_008,2025,9,14,DEMO,3,7,83,2495,-14,2,pass,pass,0
2025_DEMO_008,2025,9,15,DEMO,2,6,45,2410,-14,2,pass,pass,0
2025_DEMO_008,2025,9,16,DEMO,1,12,64,2325,3,2,pass,run,7
2025_DEMO_008,2025,9,17,DEMO,2,1,91,2240,-7,2,run,run,0
2025_DEMO_008,2025,9,18,DEMO,2,6,19,2155,0,2,run,pass,0
2025_DEMO_008,2025,9,19,DEMO,2,2,45,2070,3,2,pass,run,10
2025_DEMO_008,2025,9,20,DEMO,3,3,60,1985,3,2,run,run,12
2025_DEMO_008,2025,9,21,DEMO,2,10,57,1900,-3,3,run,pass,8
2025_DEMO_008,2025,9,22,DEMO,3,10,91,1815,0,3,pass,pass,28
2025_DEMO_008,2025,9,23,DEMO,2,5,44,1730,0,3,pass,pass,8
2025_DEMO_008,2025,9,24,DEMO,1,12,76,1645,-14,3,pass,run,5
2025_DEMO_008,2025,9,25,DEMO,1,10,21,1560,-14,3,run,pass,0
2025_DEMO_008,2025,9,26,DEMO,1,15,72,1475,14,3,pass,run,5
2025_DEMO_008,2025,9,27,DEMO,3,4,55,1390,3,3,run,run,-2
2025_DEMO_008,2025,9,28,DEMO,3,4,40,1305,3,3,run,pass,-4
2025_DEMO_008,2025,9,29,DEMO,2,1,69,1220,-7,3,pass,pass,1
2025_DEMO_008,2025,9,30,DEMO,2,3,6,1135,-7,3,pass,pass,0
2025_DEMO_008,2025,9,31,DEMO,3,10,92,1050,7,4,pass,pass,0
2025_DEMO_008,2025,9,32,DEMO,3,1,31,965,14,4,pass,pass,0
2025_DEMO_008,2025,9,33,DEMO,1,10,53,880,-7,4,pass,run,4
2025_DEMO_008,2025,9,34,DEMO,3,7,63,795,-7,4,run,pass,19
2025_DEMO_008,2025,9,35,DEMO,3,10,16,710,-14,4,pass,pass,9
2025_DEMO_008,2025,9,36,DEMO,1,10,16,625,0,4,pass,pass,12
2025_DEMO_008,2025,9,37,DEMO,2,4,63,540,7,4,pass,run,7
2025_DEMO_008,2025,9,38,DEMO,2,10,63,455,7,4,run,run,5
2025_DEMO_008,2025,9,39,DEMO,3,6,43,370,3,4,run,run,5
2025_DEMO_008,2025,9,40,DEMO,3,10,59,285,0,4,run,run,3
2025_DEMO_009,2025,10,1,DEMO,1,10,80,3600,3,1,none,run,5
2025_DEMO_009,2025,10,2,DEMO,1,7,20,3515,-14,1,run,run,5
2025_DEMO_009,2025,10,3,DEMO,3,10,15,3430,-3,1,run,pass,18
2025_DEMO_009,2025,10,4,DEMO,2,15,38,3345,-3,1,pass,pass,16
2025_DEMO_009,2025,10,5,DEMO,4,4,86,3260,-3,1,pass,run,3
2025_DEMO_009,2025,10,6,DEMO,2,2,51,3175,-7,1,run,run,5
2025_DEMO_009,2025,10,7,DEMO,1,6,53,3090,3,1,run,run,9
2025_DEMO_009,2025,10,8,DEMO,1,10,95,3005,-3,1,run,run,2
2025_DEMO_009,2025,10,9,DEMO,1,1,75,2920,-7,1,run,run,5
2025_DEMO_009,2025,10,10,DEMO,2,1,22,2835,7,1,run,run,10
2025_DEMO_009,2025,10,11,DEMO,1,3,88,2750,-7,2,run,run,1
2025_DEMO_009,2025,10,12,DEMO,2,5,5,2665,-7,2,run,run,3
2025_DEMO_009,2025,10,13,DEMO,1,2,68,2580,-3,2,run,run,5
2025_DEMO_009,2025,10,14,DEMO,3,10,34,2495,14,2,run,run,2
2025_DEMO_009,2025,10,15,DEMO,1,4,49,2410,0,2,run,pass,0
2025_DEMO_009,2025,10,16,DEMO,1,2,76,2325,-7,2,pass,run,2
2025_DEMO_009,2025,10,17,DEMO,1,10,19,2240,7,2,run,run,7
2025_DEMO_009,2025,10,18,DEMO,2,6,49,2155,3,2,run,pass,11
2025_DEMO_009,2025,10,19,DEMO,3,2,9,2070,-14,2,pass,pass,0
2025_DEMO_009,2025,10,20,DEMO,1,7,57,1985,-14,2,pass,pass,0
2025_DEMO_009,2025,10,21,DEMO,1,3,63,1900,-14,3,pass,pass,8
2025_DEMO_009,2025,10,22,DEMO,4,3,77,1815,7,3,pass,run,2
2025_DEMO_009,2025,10,23,DEMO,2,2,49,1730,-14,3,run,pass,7
2025_DEMO_009,2025,10,24,DEMO,1,10,59,1645,0,3,pass,run,10
2025_DEMO_009,2025,10,25,DEMO,1,15,38,1560,-3,3,run,pass,0
2025_DEMO_009,2025,10,26,DEMO,3,12,27,1475,-7,3,pass,run,2
2025_DEMO_009,2025,10,27,DEMO,2,7,8,1390,-14,3,run,run,6
2025_DEMO_009,2025,10,28,DEMO,1,1,51,1305,0,3,run,run,8
2025_DEMO_009,2025,10,29,DEMO,3,5,67,1220,14,3,run,pass,0
2025_DEMO_009,2025,10,30,DEMO,2,7,15,1135,0,3,pass,run,-8
2025_DEMO_009,2025,10,31,DEMO,2,3,45,1050,14,4,run,pass,15
2025_DEMO_009,2025,10,32,DEMO,1,10,5,965,3,4,pass,pass,-3
2025_DEMO_009,2025,10,33,DEMO,3,6,94,880,14,4,pass,pass,0
2025_DEMO_009,2025,10,34,DEMO,1,2,84,795,0,4,pass,run,0
2025_DEMO_009,2025,10,35,DEMO,2,5,84,710,-3,4,run,run,8
2025_DEMO_009,2025,10,36,DEMO,3,12,25,625,3,4,run,pass,0
2025_DEMO_009,2025,10,37,DEMO,1,7,18,540,14,4,pass,run,-1
2025_DEMO_009,2025,10,38,DEMO,1,3,21,455,-7,4,run,pass,0
2025_DEMO_009,2025,10,39,DEMO,1,1,44,370,7,4,pass,run,4
2025_DEMO_009,2025,10,40,DEMO,2,7,75,285,-7,4,run,run,7
2025_DEMO_010,2025,11,1,DEMO,2,5,82,3600,7,1,none,run,8
2025_DEMO_010,2025,11,2,DEMO,1,5,78,3515,14,1,run,run,11
2025_DEMO_010,2025,11,3,DEMO,1,5,87,3430,14,1,run,pass,0
2025_DEMO_010,2025,11,4,DEMO,2,10,68,3345,14,1,pass,pass,6
2025_DEMO_010,2025,11,5,DEMO,2,10,36,3260,-14,1,pass,run,1
2025_DEMO_010,2025,11,6,DEMO,1,10,41,3175,3,1,run,run,6
2025_DEMO_010,2025,11,7,DEMO,2,3,13,3090,3,1,run,run,0
2025_DEMO_010,2025,11,8,DEMO,1,7,56,3005,-3,1,run,run,2
2025_DEMO_010,2025,11,9,DEMO,1,2,17,2920,-14,1,run,pass,0
2025_DEMO_010,2025,11,10,DEMO,3,5,30,2835,7,1,pass,run,11
2025_DEMO_010,2025,11,11,DEMO,1,1,20,2750,7,2,run,run,8
2025_DEMO_010,2025,11,12,DEMO,1,15,72,2665,0,2,run,pass,4
2025_DEMO_010,2025,11,13,DEMO,2,10,54,2580,-14,2,pass,run,4
2025_DEMO_010,2025,11,14,DEMO,1,1,94,2495,-7,2,run,run,-4
2025_DEMO_010,2025,11,15,DEMO,2,1,15,2410,-14,2,run,run,7
2025_DEMO_010,2025,11,16,DEMO,1,1,31,2325,-3,2,run,run,2
2025_DEMO_010,2025,11,17,DEMO,1,15,68,2240,7,2,run,pass,9
2025_DEMO_010,2025,11,18,DEMO,3,10,58,2155,-14,2,pass,run,10
2025_DEMO_010,2025,11,19,DEMO,1,3,50,2070,7,2,run,run,8
2025_DEMO_010,2025,11,20,DEMO,4,1,69,1985,-3,2,run,pass,16
2025_DEMO_010,2025,11,21,DEMO,3,6,51,1900,-14,3,pass,pass,0
2025_DEMO_010,2025,11,22,DEMO,3,6,33,1815,-3,3,pass,pass,-2
2025_DEMO_010,2025,11,23,DEMO,1,3,76,1730,3,3,pass,run,7
2025_DEMO_010,2025,11,24,DEMO,1,3,64,1645,3,3,run,run,0
2025_DEMO_010,2025,11,25,DEMO,2,10,19,1560,0,3,run,pass,0
2025_DEMO_010,2025,11,26,DEMO,2,2,83,1475,0,3,pass,run,10
2025_DEMO_010,2025,11,27,DEMO,2,10,86,1390,0,3,run,pass,24
2025_DEMO_010,2025,11,28,DEMO,1,4,67,1305,-3,3,pass,run,14
2025_DEMO_010,2025,11,29,DEMO,2,2,5,1220,-7,3,run,run,7
2025_DEMO_010,2025,11,30,DEMO,2,12,75,1135,-3,3,run,run,-8
2025_DEMO_010,2025,11,31,DEMO,1,3,88,1050,-3,4,run,run,7
2025_DEMO_010,2025,11,32,DEMO,1,3,32,965,0,4,run,run,9
2025_DEMO_010,2025,11,33,DEMO,1,1,54,880,3,4,run,run,12
2025_DEMO_010,2025,11,34,DEMO,1,6,63,795,-3,4,run,run,0
2025_DEMO_010,2025,11,35,DEMO,2,12,50,710,-14,4,run,pass,10
2025_DEMO_010,2025,11,36,DEMO,1,6,94,625,7,4,pass,run,6
2025_DEMO_010,2025,11,37,DEMO,1,2,57,540,-3,4,run,run,4
2025_DEMO_010,2025,11,38,DEMO,1,1,66,455,-14,4,run,pass,31
2025_DEMO_010,2025,11,39,DEMO,2,5,25,370,-3,4,pass,run,3
2025_DEMO_010,2025,11,40,DEMO,2,15,19,285,3,4,run,pass,0
2025_DEMO_011,2025,12,1,DEMO,1,10,42,3600,3,1,none,pass,0
2025_DEMO_011,2025,12,2,DEMO,1,2,59,3515,3,1,pass,run,5
2025_DEMO_011,2025,12,3,DEMO,3,1,23,3430,-14,1,run,run,5
2025_DEMO_011,2025,12,4,DEMO,1,10,51,3345,14,1,run,run,0
2025_DEMO_011,2025,12,5,DEMO,1,15,36,3260,-7,1,run,run,3
2025_DEMO_011,2025,12,6,DEMO,3,6,34,3175,-3,1,run,run,8
2025_DEMO_011,2025,12,7,DEMO,3,5,68,3090,0,1,run,pass,13
2025_DEMO_011,2025,12,8,DEMO,2,10,59,3005,14,1,pass,run,3
2025_DEMO_011,2025,12,9,DEMO,1,15,19,2920,-7,1,run,run,8
2025_DEMO_011,2025,12,10,DEMO,1,10,68,2835,-3,1,run,run,9
2025_DEMO_011,2025,12,11,DEMO,3,10,69,2750,-14,2,run,pass,0
2025_DEMO_011,2025,12,12,DEMO,1,12,10,2665,14,2,pass,run,9
2025_DEMO_011,2025,12,13,DEMO,2,3,34,2580,7,2,run,run,9
2025_DEMO_011,2025,12,14,DEMO,2,15,52,2495,14,2,run,pass,22
2025_DEMO_011,2025,12,15,DEMO,2,1,50,2410,-14,2,pass,run,7
2025_DEMO_011,2025,12,16,DEMO,3,10,20,2325,-3,2,run,pass,0
2025_DEMO_011,2025,12,17,DEMO,2,10,87,2240,14,2,pass,pass,10
2025_DEMO_011,2025,12,18,DEMO,1,2,67,2155,-3,2,pass,run,5
2025_DEMO_011,2025,12,19,DEMO,1,10,42,2070,14,2,run,pass,0
2025_DEMO_011,2025,12,20,DEMO,3,15,63,1985,7,2,pass,pass,0
2025_DEMO_011,2025,12,21,DEMO,2,6,38,1900,14,3,pass,run,5
2025_DEMO_011,2025,12,22,DEMO,2,7,23,1815,0,3,run,pass,8
2025_DEMO_011,2025,12,23,DEMO,1,5,22,1730,-14,3,pass,pass,11
2025_DEMO_011,2025,12,24,DEMO,2,3,66,1645,-14,3,pass,run,1
2025_DEMO_011,2025,12,25,DEMO,1,10,56,1560,0,3,run,run,-6
2025_DEMO_011,2025,12,26,DEMO,1,10,21,1475,-7,3,run,run,-1
2025_DEMO_011,2025,12,27,DEMO,2,1,57,1390,7,3,run,run,7
2025_DEMO_011,2025,12,28,DEMO,3,10,71,1305,0,3,run,pass,0
2025_DEMO_011,2025,12,29,DEMO,1,6,52,1220,14,3,pass,pass,0
2025_DEMO_011,2025,12,30,DEMO,3,12,72,1135,14,3,pass,pass,0
2025_DEMO_011,2025,12,31,DEMO,1,7,15,1050,-3,4,pass,run,-6
2025_DEMO_011,2025,12,32,DEMO,3,6,29,965,7,4,run,run,8
2025_DEMO_011,2025,12,33,DEMO,1,10,12,880,7,4,run,run,0
2025_DEMO_011,2025,12,34,DEMO,2,6,37,795,-7,4,run,pass,0
2025_DEMO_011,2025,12,35,DEMO,2,1,35,710,14,4,pass,run,2
2025_DEMO_011,2025,12,36,DEMO,1,3,66,625,-7,4,run,run,4
2025_DEMO_011,2025,12,37,DEMO,2,3,12,540,7,4,run,pass,4
2025_DEMO_011,2025,12,38,DEMO,1,2,18,455,14,4,pass,pass,-4
2025_DEMO_011,2025,12,39,DEMO,2,2,67,370,-14,4,pass,pass,0
2025_DEMO_011,2025,12,40,DEMO,1,10,74,285,-3,4,pass,pass,0
